candidate_id,name,phone,email,resume_text,skills,experience,salary
1,Movva,9876543210,alice.smith@gmail.com,"Experienced Python Developer with 5 years in backend development. Proficient in Django, Flask, and PostgreSQL. Worked on scalable microservices.",Python;Django;Flask;PostgreSQL;Microservices,5,65795
2,Navya,9123456789,bob.jones@gmail.com,"Junior Frontend Developer with 2 years of experience. Expert in React, Vue.js, and CSS. Looking for opportunities in UI/UX.",React;Vue.js;CSS;JavaScript,2,50860
3,Sri,9845671234,charlie.brown@gmail.com,"Senior Data Scientist with 8 years in machine learning and AI. Proficient in Python, PyTorch, and AWS. Experience in building LLMs.",Python;PyTorch;AWS;Machine Learning;AI,8,126820
4,Prince,9012345678,diana.prince@gmail.com,"DevOps Engineer with 4 years of experience in CI/CD, Docker, and Kubernetes. Strong background in AWS and Linux.",Docker;Kubernetes;CI/CD;AWS;Linux,4,104886
5,Navya Sri,9345678912,eve.adams@gmail.com,Backend Engineer with 6 years of experience in Java and Spring Boot. Skilled in microservices and Oracle DB.,Java;Spring Boot;Microservices;Oracle,6,56265
6,Mahesh,9871234567,frank.castle@gmail.com,"Full Stack Developer with 3 years of experience. Proficient in JavaScript, Node.js, and React. Passionate about building web apps.",JavaScript;Node.js;React;Full Stack,3,132386
7,Lakshmi,9988776655,grace.hopper@gmail.com,"Machine Learning Engineer with 3 years of experience. Skilled in Python, Scikit-learn, and TensorFlow. Worked on NLP projects.",Python;Scikit-learn;TensorFlow;NLP,3,87194
8,Kavya,9786543210,hank.pym@gmail.com,Cloud Architect with 10 years of experience in Azure and AWS. Certified Solutions Architect.,Azure;AWS;Cloud Architecture,10,137498
9,Syam,9123987654,ivy.pepper@gmail.com,Software Engineer with 4 years of experience in C++ and embedded systems. Experience in automotive industry.,C++;Embedded Systems;Automotive,4,94131
10,Prashanth,9871112233,jack.sparrow@gmail.com,Frontend Developer with 5 years of experience in Angular and TypeScript. Strong UI/UX design skills.,Angular;TypeScript;UI/UX,5,110263
11,Joshua,9345612345,karen.page@gmail.com,"Data Analyst with 2 years of experience. Proficient in SQL, Tableau, and Excel. Strong analytical skills.",SQL;Tableau;Excel;Data Analysis,2,66023
12,Padma,9781234567,luke.cage@gmail.com,Cybersecurity Specialist with 7 years of experience in network security and penetration testing. CISSP certified.,Cybersecurity;Network Security;Penetration Testing;CISSP,7,91090
13,Padmaja,9011122233,mia.wallace@gmail.com,Mobile App Developer with 4 years of experience in Flutter and Dart. Published several apps on Play Store.,Flutter;Dart;Mobile Development,4,117221
14,Prasad Rao,9876665544,ned.stark@gmail.com,Backend Developer with 3 years of experience in Python and FastAPI. Experience with Redis and Celery.,Python;FastAPI;Redis;Celery,3,114820
15,Naresh,9123459876,olivia.pope@gmail.com,Product Manager with 5 years of experience in agile methodologies and product lifecycle management.,Product Management;Agile;Scrum,5,50769
16,Pavithra,9988123456,peter.parker@gmail.com,System Administrator with 6 years of experience in Linux and Windows server management.,Linux;Windows Server;System Administration,6,109735
17,Aaradhya,9784561230,quinn.fabray@gmail.com,UI/UX Designer with 4 years of experience in Figma and Adobe XD. Focus on user-centric design.,Figma;Adobe XD;UI/UX,4,112955
18,Pallavi,9345001122,rachel.green@gmail.com,Quality Assurance Engineer with 3 years of experience in automated testing with Selenium and Java.,QA;Selenium;Java;Automation,3,114925
19,Jessy,9876540987,steve.rogers@gmail.com,"Big Data Engineer with 5 years of experience in Spark, Hadoop, and Scala.",Spark;Hadoop;Scala;Big Data,5,117969
20,Tony,9123009876,tony.stark@gmail.com,Blockchain Developer with 2 years of experience in Solidity and Ethereum.,Solidity;Ethereum;Blockchain,2,55311
21,Aryan,9876540001,john.smith@@gmail.com,"John Smith Software Engineer john.smith@@gmail.com | 9876540001 Experience: 5+ years in building scalable systems. Skills: Python, React, SQL, AWS, Docker",python;sql;docker;react;aws,5,133104
22,Mahesh Sharma,9747652751,mahesh.sharma@gmail.com,"Data Scientist with 5 years of experience. Skilled in SQL, Azure, Celery. Experienced in building scalable applications.",SQL;Azure;Celery,5,103707
23,Myra Sharma,9645609872,myra.sharma@gmail.com,"Machine Learning Engineer with 5 years of experience. Skilled in Machine Learning, Linux, Solidity, Flutter, Angular, Python. Experienced in building scalable applications.",Machine Learning;Linux;Solidity;Flutter;Angular;Python,5,135305
24,Arun Rao,9516440956,arun.rao@gmail.com,"Backend Developer with 2 years of experience. Skilled in Azure, NLP, MongoDB, Angular. Experienced in building scalable applications.",Azure;NLP;MongoDB;Angular,2,78693
25,Arun Reddy,9035453353,arun.reddy@gmail.com,"Cloud Engineer with 7 years of experience. Skilled in Dart, Redis, Hadoop, Embedded Systems, Spring Boot. Experienced in building scalable applications.",Dart;Redis;Hadoop;Embedded Systems;Spring Boot,7,121932
26,Sai Gupta,9155600026,sai.gupta@gmail.com,"Machine Learning Engineer with 6 years of experience. Skilled in Tableau, Django, Angular, Figma. Experienced in building scalable applications.",Tableau;Django;Angular;Figma,6,143016
27,Prashanth Reddy,9608874195,prashanth.reddy@gmail.com,"Software Engineer with 3 years of experience. Skilled in Cybersecurity, UI/UX, Celery. Experienced in building scalable applications.",Cybersecurity;UI/UX;Celery,3,75658
28,Arjun Gupta,9335307255,arjun.gupta@gmail.com,"Machine Learning Engineer with 5 years of experience. Skilled in UI/UX, SQL, Redis. Experienced in building scalable applications.",UI/UX;SQL;Redis,5,134478
29,Pooja Iyer,9195073151,pooja.iyer@gmail.com,"Data Scientist with 7 years of experience. Skilled in Redis, Scala, Flutter, Azure. Experienced in building scalable applications.",Redis;Scala;Flutter;Azure,7,68431
30,Arun Patel,9461424973,arun.patel@gmail.com,"DevOps Engineer with 1 years of experience. Skilled in NLP, Celery, MongoDB, Excel, React. Experienced in building scalable applications.",NLP;Celery;MongoDB;Excel;React,1,52747
31,Mahesh Reddy,9747009599,mahesh.reddy@gmail.com,"Backend Developer with 6 years of experience. Skilled in Azure, Celery, Tableau, TensorFlow, AWS. Experienced in building scalable applications.",Azure;Celery;Tableau;TensorFlow;AWS,6,109150
32,Megha Patel,9619590563,megha.patel@gmail.com,"Machine Learning Engineer with 6 years of experience. Skilled in SQL, Flutter, Scala. Experienced in building scalable applications.",SQL;Flutter;Scala,6,115725
33,Pallavi Rao,9645461924,pallavi.rao@gmail.com,"Cybersecurity Specialist with 5 years of experience. Skilled in Cybersecurity, PyTorch, NLP, Linux, Blockchain. Experienced in building scalable applications.",Cybersecurity;PyTorch;NLP;Linux;Blockchain,5,134654
34,Naresh Gupta,9516718116,naresh.gupta@gmail.com,"Data Scientist with 9 years of experience. Skilled in UI/UX, Spark, Figma. Experienced in building scalable applications.",UI/UX;Spark;Figma,9,85773
35,Sneha Kumar,9493885864,sneha.kumar@gmail.com,"Frontend Developer with 4 years of experience. Skilled in Blockchain, Flask, React, MongoDB. Experienced in building scalable applications.",Blockchain;Flask;React;MongoDB,4,117435
36,Padmaja Kumar,9729890206,padmaja.kumar@gmail.com,"Product Manager with 7 years of experience. Skilled in Flask, TensorFlow, PyTorch. Experienced in building scalable applications.",Flask;TensorFlow;PyTorch,7,106886
37,Anika Reddy,9892295740,anika.reddy@gmail.com,"System Administrator with 9 years of experience. Skilled in Hadoop, SQL, Java, TensorFlow. Experienced in building scalable applications.",Hadoop;SQL;Java;TensorFlow,9,116803
38,Sai Gupta,9271437664,sai.gupta@gmail.com,"Data Scientist with 7 years of experience. Skilled in UI/UX, Docker, NLP, C++. Experienced in building scalable applications.",UI/UX;Docker;NLP;C++,7,81551
39,Krishna Kumar,9266817923,krishna.kumar@gmail.com,"Product Manager with 9 years of experience. Skilled in Tableau, AWS, Flask, PyTorch, Spring Boot, Linux. Experienced in building scalable applications.",Tableau;AWS;Flask;PyTorch;Spring Boot;Linux,9,61394
40,Vikram Gupta,9803871744,vikram.gupta@gmail.com,"QA Engineer with 3 years of experience. Skilled in Dart, Linux, Angular. Experienced in building scalable applications.",Dart;Linux;Angular,3,119092
41,Kavitha Reddy,9451360849,kavitha.reddy@gmail.com,"Mobile Developer with 4 years of experience. Skilled in Solidity, Redis, Flask, NLP, Spring Boot, Azure. Experienced in building scalable applications.",Solidity;Redis;Flask;NLP;Spring Boot;Azure,4,53890
42,Vivaan Sharma,9520541224,vivaan.sharma@gmail.com,"Frontend Developer with 9 years of experience. Skilled in UI/UX, NLP, Azure, Linux, React. Experienced in building scalable applications.",UI/UX;NLP;Azure;Linux;React,9,91606
43,Vikram Reddy,9376729348,vikram.reddy@gmail.com,"Full Stack Developer with 1 years of experience. Skilled in Tableau, Kubernetes, Celery, Java, AWS. Experienced in building scalable applications.",Tableau;Kubernetes;Celery;Java;AWS,1,146276
44,Nisha Iyer,9983596459,nisha.iyer@gmail.com,"Data Scientist with 8 years of experience. Skilled in C++, React, Spark. Experienced in building scalable applications.",C++;React;Spark,8,130038
45,Pooja Kumar,9545403120,pooja.kumar@gmail.com,"Machine Learning Engineer with 7 years of experience. Skilled in Java, Figma, AWS, Spring Boot, Python. Experienced in building scalable applications.",Java;Figma;AWS;Spring Boot;Python,7,137313
46,Lakshmi Patel,9911389180,lakshmi.patel@gmail.com,"QA Engineer with 2 years of experience. Skilled in Embedded Systems, Celery, MongoDB, Blockchain, Dart, Solidity. Experienced in building scalable applications.",Embedded Systems;Celery;MongoDB;Blockchain;Dart;Solidity,2,60627
47,Syam Kumar,9358327396,syam.kumar@gmail.com,"Backend Developer with 9 years of experience. Skilled in Dart, Flutter, NLP, Azure, Java. Experienced in building scalable applications.",Dart;Flutter;NLP;Azure;Java,9,58792
48,Kavya Sharma,9401745133,kavya.sharma@gmail.com,"Full Stack Developer with 4 years of experience. Skilled in Tableau, Python, Django, Flutter. Experienced in building scalable applications.",Tableau;Python;Django;Flutter,4,123969
49,Megha Gupta,9807033649,megha.gupta@gmail.com,"Data Analyst with 5 years of experience. Skilled in Java, Azure, Machine Learning, Flask, TensorFlow. Experienced in building scalable applications.",Java;Azure;Machine Learning;Flask;TensorFlow,5,93001
50,Naresh Iyer,9221855197,naresh.iyer@gmail.com,"Mobile Developer with 3 years of experience. Skilled in Redis, Flask, TensorFlow. Experienced in building scalable applications.",Redis;Flask;TensorFlow,3,126552
51,Rahul Kumar,9534568228,rahul.kumar@gmail.com,"Mobile Developer with 1 years of experience. Skilled in Linux, Machine Learning, Figma, Angular. Experienced in building scalable applications.",Linux;Machine Learning;Figma;Angular,1,73897
52,Aarav Kumar,9654415309,aarav.kumar@gmail.com,"System Administrator with 10 years of experience. Skilled in Python, PyTorch, Excel. Experienced in building scalable applications.",Python;PyTorch;Excel,10,118148
53,Diya Rao,9593713956,diya.rao@gmail.com,"DevOps Engineer with 6 years of experience. Skilled in Machine Learning, Angular, Kubernetes. Experienced in building scalable applications.",Machine Learning;Angular;Kubernetes,6,73483
54,Rahul Rao,9661374192,rahul.rao@gmail.com,"Product Manager with 9 years of experience. Skilled in FastAPI, Figma, Azure, Redis, Cybersecurity, Spring Boot. Experienced in building scalable applications.",FastAPI;Figma;Azure;Redis;Cybersecurity;Spring Boot,9,98555
55,Mahesh Sharma,9613479482,mahesh.sharma@gmail.com,"Full Stack Developer with 4 years of experience. Skilled in SQL, NLP, PyTorch, Cybersecurity, Figma. Experienced in building scalable applications.",SQL;NLP;PyTorch;Cybersecurity;Figma,4,67159
56,Padma Reddy,9071525856,padma.reddy@gmail.com,"Machine Learning Engineer with 8 years of experience. Skilled in Angular, Dart, React, Docker. Experienced in building scalable applications.",Angular;Dart;React;Docker,8,130077
57,Rohit Kumar,9309641086,rohit.kumar@gmail.com,"Mobile Developer with 4 years of experience. Skilled in Redis, Docker, Azure, PyTorch, Spark. Experienced in building scalable applications.",Redis;Docker;Azure;PyTorch;Spark,4,85920
58,Diya Reddy,9687509873,diya.reddy@gmail.com,"Cybersecurity Specialist with 7 years of experience. Skilled in Spark, Redis, Python, Solidity. Experienced in building scalable applications.",Spark;Redis;Python;Solidity,7,142067
59,Diya Reddy,9059927695,diya.reddy@gmail.com,"Machine Learning Engineer with 9 years of experience. Skilled in Excel, MongoDB, Cybersecurity, Flutter, AWS. Experienced in building scalable applications.",Excel;MongoDB;Cybersecurity;Flutter;AWS,9,117121
60,Shaurya Iyer,9448105330,shaurya.iyer@gmail.com,"Product Manager with 7 years of experience. Skilled in Celery, TensorFlow, Dart, Angular, React, PostgreSQL. Experienced in building scalable applications.",Celery;TensorFlow;Dart;Angular;React;PostgreSQL,7,119479
61,Mahesh Gupta,9371010089,mahesh.gupta@gmail.com,"System Administrator with 8 years of experience. Skilled in React, Hadoop, Dart, Excel, Java. Experienced in building scalable applications.",React;Hadoop;Dart;Excel;Java,8,139475
62,Reyansh Patel,9207304862,reyansh.patel@gmail.com,"Data Scientist with 5 years of experience. Skilled in PostgreSQL, Celery, Tableau, Machine Learning. Experienced in building scalable applications.",PostgreSQL;Celery;Tableau;Machine Learning,5,69457
63,Krishna Gupta,9790467253,krishna.gupta@gmail.com,"Data Analyst with 8 years of experience. Skilled in Redis, Celery, Kubernetes, Java, C++. Experienced in building scalable applications.",Redis;Celery;Kubernetes;Java;C++,8,116557
64,Aadhya Kumar,9214727312,aadhya.kumar@gmail.com,"Product Manager with 7 years of experience. Skilled in Excel, MongoDB, Figma. Experienced in building scalable applications.",Excel;MongoDB;Figma,7,127189
65,Ira Patel,9904377539,ira.patel@gmail.com,"Cloud Engineer with 3 years of experience. Skilled in Blockchain, Python, Cybersecurity, Java. Experienced in building scalable applications.",Blockchain;Python;Cybersecurity;Java,3,128953
66,Ananya Kumar,9018878489,ananya.kumar@gmail.com,"Data Analyst with 7 years of experience. Skilled in Celery, FastAPI, Blockchain. Experienced in building scalable applications.",Celery;FastAPI;Blockchain,7,102995
67,Myra Patel,9827326975,myra.patel@gmail.com,"DevOps Engineer with 2 years of experience. Skilled in Kubernetes, FastAPI, NLP, MongoDB, Angular, Hadoop. Experienced in building scalable applications.",Kubernetes;FastAPI;NLP;MongoDB;Angular;Hadoop,2,90757
68,Pooja Rao,9070008450,pooja.rao@gmail.com,"DevOps Engineer with 3 years of experience. Skilled in Excel, Solidity, Docker, Linux. Experienced in building scalable applications.",Excel;Solidity;Docker;Linux,3,59692
69,Myra Reddy,9164458569,myra.reddy@gmail.com,"Software Engineer with 6 years of experience. Skilled in Python, Cybersecurity, Spark. Experienced in building scalable applications.",Python;Cybersecurity;Spark,6,95758
70,Reyansh Kumar,9710977745,reyansh.kumar@gmail.com,"Mobile Developer with 10 years of experience. Skilled in Embedded Systems, Azure, MongoDB, Tableau. Experienced in building scalable applications.",Embedded Systems;Azure;MongoDB;Tableau,10,122409
71,Prasad Sharma,9497344538,prasad.sharma@gmail.com,"QA Engineer with 3 years of experience. Skilled in Tableau, Docker, Angular. Experienced in building scalable applications.",Tableau;Docker;Angular,3,121211
72,Myra Reddy,9409351339,myra.reddy@gmail.com,"Cloud Engineer with 6 years of experience. Skilled in PyTorch, Celery, Redis, Linux, Docker. Experienced in building scalable applications.",PyTorch;Celery;Redis;Linux;Docker,6,115697
73,Syam Sharma,9193221758,syam.sharma@gmail.com,"Product Manager with 7 years of experience. Skilled in UI/UX, Azure, Cybersecurity, SQL. Experienced in building scalable applications.",UI/UX;Azure;Cybersecurity;SQL,7,87065
74,Padmaja Sharma,9701994214,padmaja.sharma@gmail.com,"Data Analyst with 4 years of experience. Skilled in Flask, Embedded Systems, Python, MongoDB. Experienced in building scalable applications.",Flask;Embedded Systems;Python;MongoDB,4,142093
75,Arjun Iyer,9800969992,arjun.iyer@gmail.com,"Mobile Developer with 2 years of experience. Skilled in Hadoop, Azure, NLP. Experienced in building scalable applications.",Hadoop;Azure;NLP,2,149299
76,Pavithra Rao,9836646411,pavithra.rao@gmail.com,"Full Stack Developer with 8 years of experience. Skilled in NLP, Python, FastAPI, Excel, Embedded Systems, MongoDB. Experienced in building scalable applications.",NLP;Python;FastAPI;Excel;Embedded Systems;MongoDB,8,82606
77,Myra Rao,9347548954,myra.rao@gmail.com,"Frontend Developer with 9 years of experience. Skilled in Spring Boot, Flutter, Tableau, PyTorch, Python. Experienced in building scalable applications.",Spring Boot;Flutter;Tableau;PyTorch;Python,9,61534
78,Arjun Patel,9969896527,arjun.patel@gmail.com,"DevOps Engineer with 6 years of experience. Skilled in Kubernetes, Dart, Python, Hadoop, FastAPI, UI/UX. Experienced in building scalable applications.",Kubernetes;Dart;Python;Hadoop;FastAPI;UI/UX,6,144663
79,Ananya Iyer,9450150564,ananya.iyer@gmail.com,"DevOps Engineer with 3 years of experience. Skilled in Azure, SQL, C++. Experienced in building scalable applications.",Azure;SQL;C++,3,90397
80,Ishaan Sharma,9764486459,ishaan.sharma@gmail.com,"DevOps Engineer with 7 years of experience. Skilled in Azure, Figma, Spark. Experienced in building scalable applications.",Azure;Figma;Spark,7,141387
81,Syam Gupta,9997843667,syam.gupta@gmail.com,"Frontend Developer with 9 years of experience. Skilled in Blockchain, Excel, TensorFlow. Experienced in building scalable applications.",Blockchain;Excel;TensorFlow,9,51016
82,Riya Iyer,9573871532,riya.iyer@gmail.com,"Data Scientist with 3 years of experience. Skilled in Spark, Embedded Systems, NLP. Experienced in building scalable applications.",Spark;Embedded Systems;NLP,3,139789
83,Ishaan Reddy,9216846089,ishaan.reddy@gmail.com,"Software Engineer with 1 years of experience. Skilled in AWS, Python, Flutter. Experienced in building scalable applications.",AWS;Python;Flutter,1,105591
84,Divya Kumar,9577416930,divya.kumar@gmail.com,"Software Engineer with 8 years of experience. Skilled in Cybersecurity, Tableau, Angular. Experienced in building scalable applications.",Cybersecurity;Tableau;Angular,8,139812
85,Pooja Patel,9694704145,pooja.patel@gmail.com,"Backend Developer with 5 years of experience. Skilled in Hadoop, Python, Angular, Node.js, Embedded Systems, Cybersecurity. Experienced in building scalable applications.",Hadoop;Python;Angular;Node.js;Embedded Systems;Cybersecurity,5,73247
86,Sai Kumar,9538895626,sai.kumar@gmail.com,"DevOps Engineer with 6 years of experience. Skilled in Excel, Redis, Python, NLP, Dart. Experienced in building scalable applications.",Excel;Redis;Python;NLP;Dart,6,74300
87,Padma Rao,9101995108,padma.rao@gmail.com,"Cloud Engineer with 2 years of experience. Skilled in Figma, MongoDB, Spring Boot, Hadoop, AWS, Django. Experienced in building scalable applications.",Figma;MongoDB;Spring Boot;Hadoop;AWS;Django,2,124065
88,Krishna Reddy,9651227292,krishna.reddy@gmail.com,"Machine Learning Engineer with 9 years of experience. Skilled in PyTorch, Node.js, Linux, Dart, Machine Learning. Experienced in building scalable applications.",PyTorch;Node.js;Linux;Dart;Machine Learning,9,132798
89,Ira Rao,9809714044,ira.rao@gmail.com,"QA Engineer with 9 years of experience. Skilled in Cybersecurity, NLP, UI/UX, Angular, Excel, Docker. Experienced in building scalable applications.",Cybersecurity;NLP;UI/UX;Angular;Excel;Docker,9,59268
90,Arjun Sharma,9944644333,arjun.sharma@gmail.com,"Mobile Developer with 7 years of experience. Skilled in Angular, Blockchain, Tableau. Experienced in building scalable applications.",Angular;Blockchain;Tableau,7,136807
91,Ira Kumar,9414692415,ira.kumar@gmail.com,"Full Stack Developer with 2 years of experience. Skilled in Scala, Docker, Figma. Experienced in building scalable applications.",Scala;Docker;Figma,2,62185
92,Karan Rao,9507759477,karan.rao@gmail.com,"Machine Learning Engineer with 10 years of experience. Skilled in UI/UX, MongoDB, Django, Blockchain, NLP, Cybersecurity. Experienced in building scalable applications.",UI/UX;MongoDB;Django;Blockchain;NLP;Cybersecurity,10,113704
93,Ishaan Reddy,9615228663,ishaan.reddy@gmail.com,"DevOps Engineer with 10 years of experience. Skilled in Embedded Systems, Python, Spring Boot, Flask, Scala. Experienced in building scalable applications.",Embedded Systems;Python;Spring Boot;Flask;Scala,10,136779
94,Kavya Iyer,9033088626,kavya.iyer@gmail.com,"Cybersecurity Specialist with 6 years of experience. Skilled in Celery, UI/UX, Node.js, Java, Flask. Experienced in building scalable applications.",Celery;UI/UX;Node.js;Java;Flask,6,89099
95,Reyansh Reddy,9559051071,reyansh.reddy@gmail.com,"System Administrator with 1 years of experience. Skilled in Kubernetes, TensorFlow, Flutter. Experienced in building scalable applications.",Kubernetes;TensorFlow;Flutter,1,58571
96,Arun Kumar,9787872728,arun.kumar@gmail.com,"DevOps Engineer with 9 years of experience. Skilled in TensorFlow, Scala, Docker, UI/UX, Cybersecurity. Experienced in building scalable applications.",TensorFlow;Scala;Docker;UI/UX;Cybersecurity,9,88044
97,Pallavi Rao,9729234315,pallavi.rao@gmail.com,"Data Scientist with 6 years of experience. Skilled in Hadoop, Solidity, TensorFlow, UI/UX, Flutter, Spark. Experienced in building scalable applications.",Hadoop;Solidity;TensorFlow;UI/UX;Flutter;Spark,6,101214
98,Ishaan Rao,9213149678,ishaan.rao@gmail.com,"Frontend Developer with 9 years of experience. Skilled in PyTorch, Solidity, Cybersecurity. Experienced in building scalable applications.",PyTorch;Solidity;Cybersecurity,9,111228
99,Nisha Iyer,9485125832,nisha.iyer@gmail.com,"Mobile Developer with 6 years of experience. Skilled in AWS, Solidity, Django, Spring Boot, Redis, Flutter. Experienced in building scalable applications.",AWS;Solidity;Django;Spring Boot;Redis;Flutter,6,98984
100,Vikram Gupta,9221744910,vikram.gupta@gmail.com,"Product Manager with 5 years of experience. Skilled in NLP, Embedded Systems, Python, Machine Learning, Flutter. Experienced in building scalable applications.",NLP;Embedded Systems;Python;Machine Learning;Flutter,5,90774
101,Aadhya Kumar,9261885596,aadhya.kumar@gmail.com,"Cybersecurity Specialist with 1 years of experience. Skilled in Excel, Machine Learning, C++, Java, Scala, Spark. Experienced in building scalable applications.",Excel;Machine Learning;C++;Java;Scala;Spark,1,52568
102,Ananya Patel,9184884829,ananya.patel@gmail.com,"QA Engineer with 7 years of experience. Skilled in Python, PostgreSQL, Flutter, Hadoop, Redis, Angular. Experienced in building scalable applications.",Python;PostgreSQL;Flutter;Hadoop;Redis;Angular,7,112592
103,Lakshmi Gupta,9222675501,lakshmi.gupta@gmail.com,"Cybersecurity Specialist with 1 years of experience. Skilled in Docker, Excel, Azure, Tableau. Experienced in building scalable applications.",Docker;Excel;Azure;Tableau,1,117563
104,Vivaan Kumar,9025263578,vivaan.kumar@gmail.com,"Cybersecurity Specialist with 5 years of experience. Skilled in Node.js, Flutter, SQL, Spring Boot, Azure, C++. Experienced in building scalable applications.",Node.js;Flutter;SQL;Spring Boot;Azure;C++,5,52695
105,Padmaja Iyer,9884569778,padmaja.iyer@gmail.com,"Product Manager with 5 years of experience. Skilled in PostgreSQL, React, Scala. Experienced in building scalable applications.",PostgreSQL;React;Scala,5,98190
106,Ananya Kumar,9715741883,ananya.kumar@gmail.com,"Data Analyst with 8 years of experience. Skilled in Flutter, Spring Boot, Solidity. Experienced in building scalable applications.",Flutter;Spring Boot;Solidity,8,55258
107,Arun Iyer,9132650786,arun.iyer@gmail.com,"Frontend Developer with 9 years of experience. Skilled in Dart, Embedded Systems, MongoDB, Blockchain. Experienced in building scalable applications.",Dart;Embedded Systems;MongoDB;Blockchain,9,137538
108,Riya Rao,9847438989,riya.rao@gmail.com,"Mobile Developer with 5 years of experience. Skilled in Solidity, Machine Learning, SQL, Angular, Django. Experienced in building scalable applications.",Solidity;Machine Learning;SQL;Angular;Django,5,89504
109,Sai Reddy,9186391379,sai.reddy@gmail.com,"DevOps Engineer with 4 years of experience. Skilled in Azure, PostgreSQL, Figma, Celery, Kubernetes, FastAPI. Experienced in building scalable applications.",Azure;PostgreSQL;Figma;Celery;Kubernetes;FastAPI,4,83159
110,Pooja Kumar,9864008265,pooja.kumar@gmail.com,"Cybersecurity Specialist with 5 years of experience. Skilled in FastAPI, MongoDB, Embedded Systems, React, Spark. Experienced in building scalable applications.",FastAPI;MongoDB;Embedded Systems;React;Spark,5,63986
111,Sai Sharma,9475711519,sai.sharma@gmail.com,"Backend Developer with 8 years of experience. Skilled in Embedded Systems, React, Figma, PostgreSQL. Experienced in building scalable applications.",Embedded Systems;React;Figma;PostgreSQL,8,111858
112,Karan Rao,9348947632,karan.rao@gmail.com,"DevOps Engineer with 2 years of experience. Skilled in Java, C++, Node.js. Experienced in building scalable applications.",Java;C++;Node.js,2,62666
113,Pallavi Sharma,9949819816,pallavi.sharma@gmail.com,"Mobile Developer with 9 years of experience. Skilled in TensorFlow, FastAPI, Docker, Redis, C++, Angular. Experienced in building scalable applications.",TensorFlow;FastAPI;Docker;Redis;C++;Angular,9,88660
114,Arun Rao,9258751011,arun.rao@gmail.com,"System Administrator with 1 years of experience. Skilled in Kubernetes, SQL, Dart. Experienced in building scalable applications.",Kubernetes;SQL;Dart,1,53561
115,Krishna Reddy,9996090877,krishna.reddy@gmail.com,"Data Scientist with 10 years of experience. Skilled in PostgreSQL, Kubernetes, TensorFlow, Redis. Experienced in building scalable applications.",PostgreSQL;Kubernetes;TensorFlow;Redis,10,76854
116,Vikram Sharma,9593171629,vikram.sharma@gmail.com,"Cybersecurity Specialist with 5 years of experience. Skilled in Kubernetes, Excel, Node.js, Solidity, Hadoop. Experienced in building scalable applications.",Kubernetes;Excel;Node.js;Solidity;Hadoop,5,114505
117,Ananya Gupta,9967465903,ananya.gupta@gmail.com,"Cloud Engineer with 2 years of experience. Skilled in Tableau, PostgreSQL, AWS, Blockchain, TensorFlow, Redis. Experienced in building scalable applications.",Tableau;PostgreSQL;AWS;Blockchain;TensorFlow;Redis,2,102251
118,Riya Kumar,9945006508,riya.kumar@gmail.com,"Mobile Developer with 3 years of experience. Skilled in Angular, Kubernetes, Cybersecurity. Experienced in building scalable applications.",Angular;Kubernetes;Cybersecurity,3,72662
119,Vivaan Gupta,9874275696,vivaan.gupta@gmail.com,"DevOps Engineer with 2 years of experience. Skilled in Docker, Blockchain, Angular, Scala, Python. Experienced in building scalable applications.",Docker;Blockchain;Angular;Scala;Python,2,58392
120,Anika Kumar,9686331083,anika.kumar@gmail.com,"Software Engineer with 10 years of experience. Skilled in Dart, UI/UX, Flutter, React, Kubernetes, FastAPI. Experienced in building scalable applications.",Dart;UI/UX;Flutter;React;Kubernetes;FastAPI,10,80535
121,Nisha Rao,9483556292,nisha.rao@gmail.com,"System Administrator with 5 years of experience. Skilled in Java, Docker, Flask, Machine Learning. Experienced in building scalable applications.",Java;Docker;Flask;Machine Learning,5,128603
122,Vihaan Gupta,9788605718,vihaan.gupta@gmail.com,"Machine Learning Engineer with 1 years of experience. Skilled in MongoDB, Redis, Python, Flutter, Embedded Systems, Node.js. Experienced in building scalable applications.",MongoDB;Redis;Python;Flutter;Embedded Systems;Node.js,1,102256
123,Naresh Reddy,9958149090,naresh.reddy@gmail.com,"Machine Learning Engineer with 1 years of experience. Skilled in Dart, Cybersecurity, Python, Django, Java, React. Experienced in building scalable applications.",Dart;Cybersecurity;Python;Django;Java;React,1,139135
124,Pavithra Reddy,9342622724,pavithra.reddy@gmail.com,"QA Engineer with 7 years of experience. Skilled in Solidity, Dart, Blockchain, Celery, Spring Boot. Experienced in building scalable applications.",Solidity;Dart;Blockchain;Celery;Spring Boot,7,85222
125,Vikram Kumar,9258081615,vikram.kumar@gmail.com,"Full Stack Developer with 6 years of experience. Skilled in Flask, Solidity, Angular, Cybersecurity. Experienced in building scalable applications.",Flask;Solidity;Angular;Cybersecurity,6,127373
126,Aditya Sharma,9440212838,aditya.sharma@gmail.com,"Data Analyst with 1 years of experience. Skilled in Angular, Solidity, Azure, Hadoop, FastAPI. Experienced in building scalable applications.",Angular;Solidity;Azure;Hadoop;FastAPI,1,129575
127,Lakshmi Rao,9691567848,lakshmi.rao@gmail.com,"Data Analyst with 2 years of experience. Skilled in Docker, Spark, C++. Experienced in building scalable applications.",Docker;Spark;C++,2,146354
128,Anika Sharma,9717487826,anika.sharma@gmail.com,"Full Stack Developer with 7 years of experience. Skilled in Kubernetes, Blockchain, React, Dart, Azure, Flutter. Experienced in building scalable applications.",Kubernetes;Blockchain;React;Dart;Azure;Flutter,7,134651
129,Karan Iyer,9721069413,karan.iyer@gmail.com,"Data Scientist with 4 years of experience. Skilled in Machine Learning, Celery, C++, React. Experienced in building scalable applications.",Machine Learning;Celery;C++;React,4,113335
130,Naresh Gupta,9989852109,naresh.gupta@gmail.com,"Mobile Developer with 10 years of experience. Skilled in NLP, Redis, TensorFlow, Solidity. Experienced in building scalable applications.",NLP;Redis;TensorFlow;Solidity,10,60965
131,Kavya Gupta,9985361363,kavya.gupta@gmail.com,"Frontend Developer with 3 years of experience. Skilled in Redis, PyTorch, PostgreSQL, NLP, Node.js. Experienced in building scalable applications.",Redis;PyTorch;PostgreSQL;NLP;Node.js,3,74538
132,Mahesh Reddy,9501493691,mahesh.reddy@gmail.com,"DevOps Engineer with 7 years of experience. Skilled in Spring Boot, Blockchain, Redis, Scala, PostgreSQL, NLP. Experienced in building scalable applications.",Spring Boot;Blockchain;Redis;Scala;PostgreSQL;NLP,7,120592
133,Kavitha Gupta,9690914233,kavitha.gupta@gmail.com,"Frontend Developer with 3 years of experience. Skilled in NLP, Figma, Azure, Angular, Python. Experienced in building scalable applications.",NLP;Figma;Azure;Angular;Python,3,148018
134,Padma Rao,9048041035,padma.rao@gmail.com,"Full Stack Developer with 4 years of experience. Skilled in SQL, Spark, C++, Java. Experienced in building scalable applications.",SQL;Spark;C++;Java,4,58110
135,Sai Rao,9356214789,sai.rao@gmail.com,"Frontend Developer with 3 years of experience. Skilled in C++, Spark, Blockchain, Flutter, Excel, Celery. Experienced in building scalable applications.",C++;Spark;Blockchain;Flutter;Excel;Celery,3,129309
136,Aarav Rao,9684656377,aarav.rao@gmail.com,"Data Analyst with 8 years of experience. Skilled in NLP, Figma, Kubernetes, Angular. Experienced in building scalable applications.",NLP;Figma;Kubernetes;Angular,8,77266
137,Riya Rao,9072327728,riya.rao@gmail.com,"Full Stack Developer with 10 years of experience. Skilled in Java, Spark, Flask. Experienced in building scalable applications.",Java;Spark;Flask,10,102992
138,Karan Iyer,9697675572,karan.iyer@gmail.com,"QA Engineer with 8 years of experience. Skilled in Django, UI/UX, Angular, Cybersecurity. Experienced in building scalable applications.",Django;UI/UX;Angular;Cybersecurity,8,132948
139,Kavitha Gupta,9555781733,kavitha.gupta@gmail.com,"DevOps Engineer with 8 years of experience. Skilled in NLP, Linux, Excel, React. Experienced in building scalable applications.",NLP;Linux;Excel;React,8,148806
140,Pavithra Patel,9350786793,pavithra.patel@gmail.com,"QA Engineer with 8 years of experience. Skilled in PyTorch, Azure, Python, Node.js, Solidity, Spark. Experienced in building scalable applications.",PyTorch;Azure;Python;Node.js;Solidity;Spark,8,56910
141,Shaurya Rao,9609261076,shaurya.rao@gmail.com,"Cybersecurity Specialist with 4 years of experience. Skilled in PyTorch, Excel, Hadoop. Experienced in building scalable applications.",PyTorch;Excel;Hadoop,4,140982
142,Megha Gupta,9709946755,megha.gupta@gmail.com,"Product Manager with 3 years of experience. Skilled in SQL, PostgreSQL, Figma, MongoDB, Solidity. Experienced in building scalable applications.",SQL;PostgreSQL;Figma;MongoDB;Solidity,3,50206
143,Rohit Sharma,9849641228,rohit.sharma@gmail.com,"Full Stack Developer with 9 years of experience. Skilled in Excel, SQL, Spark, Solidity, Redis. Experienced in building scalable applications.",Excel;SQL;Spark;Solidity;Redis,9,137054
144,Vikram Reddy,9967279860,vikram.reddy@gmail.com,"QA Engineer with 10 years of experience. Skilled in AWS, Docker, Celery. Experienced in building scalable applications.",AWS;Docker;Celery,10,137897
145,Prashanth Iyer,9677219519,prashanth.iyer@gmail.com,"Full Stack Developer with 4 years of experience. Skilled in Linux, Django, NLP. Experienced in building scalable applications.",Linux;Django;NLP,4,73419
146,Vihaan Reddy,9089452544,vihaan.reddy@gmail.com,"DevOps Engineer with 6 years of experience. Skilled in AWS, Excel, Figma, Dart. Experienced in building scalable applications.",AWS;Excel;Figma;Dart,6,100636
147,Prasad Kumar,9878913873,prasad.kumar@gmail.com,"Full Stack Developer with 6 years of experience. Skilled in Python, MongoDB, Solidity, Scala. Experienced in building scalable applications.",Python;MongoDB;Solidity;Scala,6,100015
148,Ishaan Patel,9340164051,ishaan.patel@gmail.com,"Data Analyst with 6 years of experience. Skilled in Angular, Node.js, Dart, NLP. Experienced in building scalable applications.",Angular;Node.js;Dart;NLP,6,104268
149,Shaurya Kumar,9304558890,shaurya.kumar@gmail.com,"Mobile Developer with 3 years of experience. Skilled in Blockchain, FastAPI, Flutter, UI/UX, Angular, Dart. Experienced in building scalable applications.",Blockchain;FastAPI;Flutter;UI/UX;Angular;Dart,3,137939
150,Diya Gupta,9507712726,diya.gupta@gmail.com,"Machine Learning Engineer with 7 years of experience. Skilled in MongoDB, Dart, Angular, Node.js. Experienced in building scalable applications.",MongoDB;Dart;Angular;Node.js,7,68141
151,Navya Rao,9980972509,navya.rao@gmail.com,"QA Engineer with 4 years of experience. Skilled in Django, Excel, Azure, C++, Cybersecurity, Figma. Experienced in building scalable applications.",Django;Excel;Azure;C++;Cybersecurity;Figma,4,130356
152,Syam Gupta,9470659549,syam.gupta@gmail.com,"Full Stack Developer with 2 years of experience. Skilled in Scala, UI/UX, MongoDB, Celery, Flask. Experienced in building scalable applications.",Scala;UI/UX;MongoDB;Celery;Flask,2,121910
153,Ishaan Sharma,9205797037,ishaan.sharma@gmail.com,"Full Stack Developer with 10 years of experience. Skilled in Solidity, PostgreSQL, Flutter. Experienced in building scalable applications.",Solidity;PostgreSQL;Flutter,10,106044
154,Naresh Gupta,9913717383,naresh.gupta@gmail.com,"Backend Developer with 9 years of experience. Skilled in Kubernetes, Azure, UI/UX. Experienced in building scalable applications.",Kubernetes;Azure;UI/UX,9,117214
155,Aditya Patel,9509863132,aditya.patel@gmail.com,"Cybersecurity Specialist with 8 years of experience. Skilled in Java, Tableau, Django, Spring Boot, Python, Cybersecurity. Experienced in building scalable applications.",Java;Tableau;Django;Spring Boot;Python;Cybersecurity,8,83827
156,Megha Gupta,9652739720,megha.gupta@gmail.com,"Backend Developer with 2 years of experience. Skilled in Spring Boot, Machine Learning, Figma, Flutter. Experienced in building scalable applications.",Spring Boot;Machine Learning;Figma;Flutter,2,105820
157,Arjun Patel,9063007937,arjun.patel@gmail.com,"Frontend Developer with 4 years of experience. Skilled in Celery, Kubernetes, Machine Learning, SQL, Django. Experienced in building scalable applications.",Celery;Kubernetes;Machine Learning;SQL;Django,4,112623
158,Mahesh Sharma,9102063622,mahesh.sharma@gmail.com,"Full Stack Developer with 9 years of experience. Skilled in Kubernetes, Java, Flutter, Tableau, Azure, SQL. Experienced in building scalable applications.",Kubernetes;Java;Flutter;Tableau;Azure;SQL,9,131734
159,Syam Iyer,9703158861,syam.iyer@gmail.com,"Data Analyst with 7 years of experience. Skilled in MongoDB, Tableau, Dart, Redis, SQL. Experienced in building scalable applications.",MongoDB;Tableau;Dart;Redis;SQL,7,125450
160,Mahesh Iyer,9445824511,mahesh.iyer@gmail.com,"DevOps Engineer with 2 years of experience. Skilled in Linux, AWS, PyTorch, React, Spring Boot, Machine Learning. Experienced in building scalable applications.",Linux;AWS;PyTorch;React;Spring Boot;Machine Learning,2,143426
161,Mahesh Reddy,9745245238,mahesh.reddy@gmail.com,"Frontend Developer with 3 years of experience. Skilled in Kubernetes, Spark, Flask, Dart, TensorFlow. Experienced in building scalable applications.",Kubernetes;Spark;Flask;Dart;TensorFlow,3,72299
162,Krishna Gupta,9965438486,krishna.gupta@gmail.com,"System Administrator with 9 years of experience. Skilled in Spring Boot, Celery, Docker, Flask. Experienced in building scalable applications.",Spring Boot;Celery;Docker;Flask,9,93585
163,Sneha Patel,9965947962,sneha.patel@gmail.com,"DevOps Engineer with 5 years of experience. Skilled in MongoDB, React, Flask, Scala, Linux, Kubernetes. Experienced in building scalable applications.",MongoDB;React;Flask;Scala;Linux;Kubernetes,5,114044
164,Padma Kumar,9232515768,padma.kumar@gmail.com,"Full Stack Developer with 8 years of experience. Skilled in Excel, MongoDB, Machine Learning. Experienced in building scalable applications.",Excel;MongoDB;Machine Learning,8,92557
165,Arun Gupta,9264369893,arun.gupta@gmail.com,"Backend Developer with 9 years of experience. Skilled in Figma, Celery, Tableau, Scala, Flutter, MongoDB. Experienced in building scalable applications.",Figma;Celery;Tableau;Scala;Flutter;MongoDB,9,99080
166,Vikram Kumar,9793897206,vikram.kumar@gmail.com,"DevOps Engineer with 4 years of experience. Skilled in Embedded Systems, Python, Angular, Excel, PostgreSQL. Experienced in building scalable applications.",Embedded Systems;Python;Angular;Excel;PostgreSQL,4,52693
167,Karan Iyer,9851793116,karan.iyer@gmail.com,"Machine Learning Engineer with 7 years of experience. Skilled in Flutter, FastAPI, Kubernetes, Redis, TensorFlow, Azure. Experienced in building scalable applications.",Flutter;FastAPI;Kubernetes;Redis;TensorFlow;Azure,7,145003
168,Arjun Patel,9838964833,arjun.patel@gmail.com,"Backend Developer with 2 years of experience. Skilled in Blockchain, Docker, Solidity, NLP. Experienced in building scalable applications.",Blockchain;Docker;Solidity;NLP,2,145259
169,Ananya Sharma,9597536393,ananya.sharma@gmail.com,"Frontend Developer with 6 years of experience. Skilled in Flutter, Celery, MongoDB. Experienced in building scalable applications.",Flutter;Celery;MongoDB,6,119163
170,Divya Reddy,9963662335,divya.reddy@gmail.com,"Data Scientist with 6 years of experience. Skilled in MongoDB, UI/UX, Spark, NLP. Experienced in building scalable applications.",MongoDB;UI/UX;Spark;NLP,6,75939
171,Arun Sharma,9775533169,arun.sharma@gmail.com,"Machine Learning Engineer with 6 years of experience. Skilled in Cybersecurity, SQL, Python, Embedded Systems, Figma, Redis. Experienced in building scalable applications.",Cybersecurity;SQL;Python;Embedded Systems;Figma;Redis,6,98925
172,Syam Sharma,9280435311,syam.sharma@gmail.com,"Software Engineer with 5 years of experience. Skilled in Python, Cybersecurity, Node.js. Experienced in building scalable applications.",Python;Cybersecurity;Node.js,5,92941
173,Vikram Gupta,9347382402,vikram.gupta@gmail.com,"QA Engineer with 10 years of experience. Skilled in Redis, FastAPI, Java, Kubernetes, Solidity, Django. Experienced in building scalable applications.",Redis;FastAPI;Java;Kubernetes;Solidity;Django,10,71834
174,Rahul Reddy,9418057023,rahul.reddy@gmail.com,"Product Manager with 9 years of experience. Skilled in Hadoop, PostgreSQL, Tableau, Node.js, Celery. Experienced in building scalable applications.",Hadoop;PostgreSQL;Tableau;Node.js;Celery,9,68047
175,Aadhya Reddy,9165109192,aadhya.reddy@gmail.com,"DevOps Engineer with 3 years of experience. Skilled in Flutter, Linux, PostgreSQL, Tableau. Experienced in building scalable applications.",Flutter;Linux;PostgreSQL;Tableau,3,76105
176,Kavya Rao,9996549508,kavya.rao@gmail.com,"Frontend Developer with 7 years of experience. Skilled in Cybersecurity, Spark, PostgreSQL, Excel, Figma. Experienced in building scalable applications.",Cybersecurity;Spark;PostgreSQL;Excel;Figma,7,125766
177,Ananya Reddy,9080084363,ananya.reddy@gmail.com,"Data Scientist with 9 years of experience. Skilled in PyTorch, Cybersecurity, Figma, Spring Boot, Dart. Experienced in building scalable applications.",PyTorch;Cybersecurity;Figma;Spring Boot;Dart,9,65707
178,Myra Kumar,9474713670,myra.kumar@gmail.com,"Cybersecurity Specialist with 4 years of experience. Skilled in Kubernetes, Node.js, Redis, Hadoop, Docker, Celery. Experienced in building scalable applications.",Kubernetes;Node.js;Redis;Hadoop;Docker;Celery,4,71976
179,Padmaja Gupta,9184241769,padmaja.gupta@gmail.com,"Product Manager with 8 years of experience. Skilled in Django, AWS, NLP, Linux, Solidity, Excel. Experienced in building scalable applications.",Django;AWS;NLP;Linux;Solidity;Excel,8,94262
180,Ira Kumar,9822359841,ira.kumar@gmail.com,"Machine Learning Engineer with 8 years of experience. Skilled in Dart, Machine Learning, PostgreSQL, Excel, TensorFlow. Experienced in building scalable applications.",Dart;Machine Learning;PostgreSQL;Excel;TensorFlow,8,73776
181,Vikram Kumar,9012436958,vikram.kumar@gmail.com,"Software Engineer with 7 years of experience. Skilled in UI/UX, FastAPI, Angular, Python, TensorFlow, Embedded Systems. Experienced in building scalable applications.",UI/UX;FastAPI;Angular;Python;TensorFlow;Embedded Systems,7,80080
182,Karan Reddy,9151284726,karan.reddy@gmail.com,"Cloud Engineer with 6 years of experience. Skilled in Hadoop, PyTorch, Java. Experienced in building scalable applications.",Hadoop;PyTorch;Java,6,116842
183,Kavitha Kumar,9705159633,kavitha.kumar@gmail.com,"Data Scientist with 8 years of experience. Skilled in Dart, PostgreSQL, AWS, React, Docker, Linux. Experienced in building scalable applications.",Dart;PostgreSQL;AWS;React;Docker;Linux,8,111373
184,Naresh Kumar,9470210539,naresh.kumar@gmail.com,"Full Stack Developer with 3 years of experience. Skilled in TensorFlow, Redis, Dart, Node.js, Linux. Experienced in building scalable applications.",TensorFlow;Redis;Dart;Node.js;Linux,3,56776
185,Syam Iyer,9276437340,syam.iyer@gmail.com,"DevOps Engineer with 4 years of experience. Skilled in Embedded Systems, Docker, Kubernetes, FastAPI, Java, Angular. Experienced in building scalable applications.",Embedded Systems;Docker;Kubernetes;FastAPI;Java;Angular,4,142787
186,Navya Gupta,9170175788,navya.gupta@gmail.com,"Backend Developer with 4 years of experience. Skilled in Solidity, Excel, UI/UX, PostgreSQL, Spring Boot, React. Experienced in building scalable applications.",Solidity;Excel;UI/UX;PostgreSQL;Spring Boot;React,4,105016
187,Aarav Rao,9935242514,aarav.rao@gmail.com,"Frontend Developer with 10 years of experience. Skilled in Redis, Spring Boot, Figma, Angular. Experienced in building scalable applications.",Redis;Spring Boot;Figma;Angular,10,59474
188,Sai Gupta,9333864248,sai.gupta@gmail.com,"System Administrator with 7 years of experience. Skilled in Hadoop, MongoDB, Linux, Machine Learning, Azure. Experienced in building scalable applications.",Hadoop;MongoDB;Linux;Machine Learning;Azure,7,108053
189,Aarav Sharma,9982669585,aarav.sharma@gmail.com,"Backend Developer with 10 years of experience. Skilled in Machine Learning, AWS, TensorFlow, Cybersecurity, MongoDB, Azure. Experienced in building scalable applications.",Machine Learning;AWS;TensorFlow;Cybersecurity;MongoDB;Azure,10,71959
190,Prashanth Gupta,9983237960,prashanth.gupta@gmail.com,"Cloud Engineer with 2 years of experience. Skilled in Flask, MongoDB, Azure, Django. Experienced in building scalable applications.",Flask;MongoDB;Azure;Django,2,55530
191,Ishaan Kumar,9639576080,ishaan.kumar@gmail.com,"Product Manager with 3 years of experience. Skilled in Docker, Blockchain, Machine Learning, Angular, TensorFlow. Experienced in building scalable applications.",Docker;Blockchain;Machine Learning;Angular;TensorFlow,3,144856
192,Rahul Gupta,9730471607,rahul.gupta@gmail.com,"Data Scientist with 4 years of experience. Skilled in Angular, Flutter, MongoDB. Experienced in building scalable applications.",Angular;Flutter;MongoDB,4,53748
193,Pavithra Reddy,9503258726,pavithra.reddy@gmail.com,"Software Engineer with 6 years of experience. Skilled in Excel, Redis, TensorFlow, Celery, Angular, UI/UX. Experienced in building scalable applications.",Excel;Redis;TensorFlow;Celery;Angular;UI/UX,6,147504
194,Naresh Kumar,9222523355,naresh.kumar@gmail.com,"DevOps Engineer with 6 years of experience. Skilled in AWS, Kubernetes, SQL, Machine Learning. Experienced in building scalable applications.",AWS;Kubernetes;SQL;Machine Learning,6,148098
195,Naresh Patel,9945017150,naresh.patel@gmail.com,"Backend Developer with 8 years of experience. Skilled in Flask, Redis, Spring Boot, SQL. Experienced in building scalable applications.",Flask;Redis;Spring Boot;SQL,8,63545
196,Mahesh Gupta,9353497957,mahesh.gupta@gmail.com,"Full Stack Developer with 5 years of experience. Skilled in SQL, Python, MongoDB, Spark. Experienced in building scalable applications.",SQL;Python;MongoDB;Spark,5,116199
197,Shaurya Iyer,9690664352,shaurya.iyer@gmail.com,"Cybersecurity Specialist with 2 years of experience. Skilled in Celery, AWS, Excel, React, Cybersecurity. Experienced in building scalable applications.",Celery;AWS;Excel;React;Cybersecurity,2,84766
198,Navya Iyer,9918394895,navya.iyer@gmail.com,"Mobile Developer with 1 years of experience. Skilled in Angular, SQL, NLP, Scala. Experienced in building scalable applications.",Angular;SQL;NLP;Scala,1,123530
199,Diya Gupta,9930955858,diya.gupta@gmail.com,"Mobile Developer with 1 years of experience. Skilled in Scala, NLP, Celery, Node.js, Spring Boot. Experienced in building scalable applications.",Scala;NLP;Celery;Node.js;Spring Boot,1,143557
200,Arun Rao,9245811298,arun.rao@gmail.com,"QA Engineer with 4 years of experience. Skilled in Scala, AWS, Docker, React, PyTorch, Embedded Systems. Experienced in building scalable applications.",Scala;AWS;Docker;React;PyTorch;Embedded Systems,4,111087
201,Vikram Gupta,9661087287,vikram.gupta@gmail.com,"Data Scientist with 7 years of experience. Skilled in AWS, Linux, Excel. Experienced in building scalable applications.",AWS;Linux;Excel,7,145839
202,Kavitha Sharma,9326417697,kavitha.sharma@gmail.com,"Backend Developer with 8 years of experience. Skilled in NLP, Flutter, Solidity, FastAPI, Docker, Blockchain. Experienced in building scalable applications.",NLP;Flutter;Solidity;FastAPI;Docker;Blockchain,8,118840
203,Mahesh Reddy,9296135484,mahesh.reddy@gmail.com,"Full Stack Developer with 1 years of experience. Skilled in Cybersecurity, PostgreSQL, Azure. Experienced in building scalable applications.",Cybersecurity;PostgreSQL;Azure,1,104384
204,Padmaja Sharma,9917979535,padmaja.sharma@gmail.com,"Machine Learning Engineer with 5 years of experience. Skilled in Azure, Hadoop, Node.js, Machine Learning, AWS. Experienced in building scalable applications.",Azure;Hadoop;Node.js;Machine Learning;AWS,5,101005
205,Nisha Reddy,9402483364,nisha.reddy@gmail.com,"Data Scientist with 6 years of experience. Skilled in Hadoop, TensorFlow, Celery, SQL, Cybersecurity, AWS. Experienced in building scalable applications.",Hadoop;TensorFlow;Celery;SQL;Cybersecurity;AWS,6,96576
206,Kavitha Iyer,9364809435,kavitha.iyer@gmail.com,"Mobile Developer with 7 years of experience. Skilled in Spark, TensorFlow, Redis, MongoDB. Experienced in building scalable applications.",Spark;TensorFlow;Redis;MongoDB,7,89353
207,Aditya Rao,9333091411,aditya.rao@gmail.com,"Software Engineer with 9 years of experience. Skilled in TensorFlow, Flutter, Java. Experienced in building scalable applications.",TensorFlow;Flutter;Java,9,112003
208,Ira Rao,9323135400,ira.rao@gmail.com,"Frontend Developer with 9 years of experience. Skilled in PyTorch, C++, Blockchain, Node.js. Experienced in building scalable applications.",PyTorch;C++;Blockchain;Node.js,9,133211
209,Divya Iyer,9182581197,divya.iyer@gmail.com,"Machine Learning Engineer with 1 years of experience. Skilled in Hadoop, Dart, SQL. Experienced in building scalable applications.",Hadoop;Dart;SQL,1,102733
210,Ishaan Rao,9959389704,ishaan.rao@gmail.com,"Machine Learning Engineer with 6 years of experience. Skilled in Angular, Linux, Node.js, Figma, Kubernetes, Machine Learning. Experienced in building scalable applications.",Angular;Linux;Node.js;Figma;Kubernetes;Machine Learning,6,115318
211,Mahesh Sharma,9687157253,mahesh.sharma@gmail.com,"Software Engineer with 10 years of experience. Skilled in PyTorch, Figma, Django. Experienced in building scalable applications.",PyTorch;Figma;Django,10,139474
212,Pooja Sharma,9073225233,pooja.sharma@gmail.com,"Frontend Developer with 5 years of experience. Skilled in Dart, Azure, Flask, Redis, Solidity. Experienced in building scalable applications.",Dart;Azure;Flask;Redis;Solidity,5,73664
213,Vikram Sharma,9169887595,vikram.sharma@gmail.com,"DevOps Engineer with 5 years of experience. Skilled in Kubernetes, Tableau, Redis. Experienced in building scalable applications.",Kubernetes;Tableau;Redis,5,117172
214,Vikram Kumar,9103393119,vikram.kumar@gmail.com,"System Administrator with 4 years of experience. Skilled in Solidity, FastAPI, Docker. Experienced in building scalable applications.",Solidity;FastAPI;Docker,4,135616
215,Pallavi Gupta,9470753478,pallavi.gupta@gmail.com,"Cloud Engineer with 4 years of experience. Skilled in Tableau, MongoDB, Machine Learning. Experienced in building scalable applications.",Tableau;MongoDB;Machine Learning,4,143264
216,Shaurya Patel,9047771877,shaurya.patel@gmail.com,"QA Engineer with 7 years of experience. Skilled in Hadoop, Redis, PostgreSQL, Machine Learning, Celery. Experienced in building scalable applications.",Hadoop;Redis;PostgreSQL;Machine Learning;Celery,7,76736
217,Riya Patel,9155202447,riya.patel@gmail.com,"Frontend Developer with 10 years of experience. Skilled in NLP, Azure, Spark, Dart. Experienced in building scalable applications.",NLP;Azure;Spark;Dart,10,144209
218,Reyansh Sharma,9815934896,reyansh.sharma@gmail.com,"Data Scientist with 1 years of experience. Skilled in FastAPI, Spark, Docker, C++. Experienced in building scalable applications.",FastAPI;Spark;Docker;C++,1,50854
219,Sneha Gupta,9957965532,sneha.gupta@gmail.com,"Data Scientist with 7 years of experience. Skilled in TensorFlow, NLP, Cybersecurity. Experienced in building scalable applications.",TensorFlow;NLP;Cybersecurity,7,140084
220,Navya Sharma,9965829962,navya.sharma@gmail.com,"Data Scientist with 6 years of experience. Skilled in Java, Kubernetes, Linux. Experienced in building scalable applications.",Java;Kubernetes;Linux,6,88623
221,Naresh Reddy,9286496399,naresh.reddy@gmail.com,"Cybersecurity Specialist with 6 years of experience. Skilled in Docker, Node.js, Kubernetes, SQL, C++, Tableau. Experienced in building scalable applications.",Docker;Node.js;Kubernetes;SQL;C++;Tableau,6,57392
222,Prashanth Gupta,9643970508,prashanth.gupta@gmail.com,"Machine Learning Engineer with 5 years of experience. Skilled in Java, Spark, TensorFlow, Redis. Experienced in building scalable applications.",Java;Spark;TensorFlow;Redis,5,105680
223,Sai Sharma,9683520876,sai.sharma@gmail.com,"Data Analyst with 1 years of experience. Skilled in Redis, Flask, UI/UX, Scala, React. Experienced in building scalable applications.",Redis;Flask;UI/UX;Scala;React,1,96717
224,Ira Iyer,9639126644,ira.iyer@gmail.com,"Product Manager with 9 years of experience. Skilled in FastAPI, Azure, Solidity, Flutter, TensorFlow, Node.js. Experienced in building scalable applications.",FastAPI;Azure;Solidity;Flutter;TensorFlow;Node.js,9,137092
225,Ananya Iyer,9568381445,ananya.iyer@gmail.com,"Mobile Developer with 7 years of experience. Skilled in Python, Linux, Tableau. Experienced in building scalable applications.",Python;Linux;Tableau,7,100859
226,Kavya Iyer,9005380873,kavya.iyer@gmail.com,"Data Scientist with 9 years of experience. Skilled in Angular, Solidity, Hadoop, Spark, PostgreSQL, Java. Experienced in building scalable applications.",Angular;Solidity;Hadoop;Spark;PostgreSQL;Java,9,76309
227,Kavya Reddy,9075753812,kavya.reddy@gmail.com,"Data Analyst with 8 years of experience. Skilled in Redis, Solidity, FastAPI, Scala, Blockchain. Experienced in building scalable applications.",Redis;Solidity;FastAPI;Scala;Blockchain,8,137455
228,Riya Kumar,9285706342,riya.kumar@gmail.com,"Cloud Engineer with 4 years of experience. Skilled in Tableau, Figma, Celery. Experienced in building scalable applications.",Tableau;Figma;Celery,4,113734
229,Aarav Reddy,9226820580,aarav.reddy@gmail.com,"Data Scientist with 8 years of experience. Skilled in Cybersecurity, Django, Embedded Systems, Machine Learning, Flask, Redis. Experienced in building scalable applications.",Cybersecurity;Django;Embedded Systems;Machine Learning;Flask;Redis,8,120467
230,Aditya Iyer,9380377927,aditya.iyer@gmail.com,"System Administrator with 3 years of experience. Skilled in Flask, Flutter, AWS. Experienced in building scalable applications.",Flask;Flutter;AWS,3,102662
231,Pallavi Sharma,9857478396,pallavi.sharma@gmail.com,"Software Engineer with 4 years of experience. Skilled in Flask, Flutter, MongoDB, Cybersecurity, Azure, Kubernetes. Experienced in building scalable applications.",Flask;Flutter;MongoDB;Cybersecurity;Azure;Kubernetes,4,148506
232,Lakshmi Gupta,9720154469,lakshmi.gupta@gmail.com,"Software Engineer with 3 years of experience. Skilled in Dart, Kubernetes, Machine Learning, Spring Boot, Python. Experienced in building scalable applications.",Dart;Kubernetes;Machine Learning;Spring Boot;Python,3,62688
233,Syam Kumar,9744089353,syam.kumar@gmail.com,"Product Manager with 4 years of experience. Skilled in Excel, FastAPI, Celery, Kubernetes, Redis, Spark. Experienced in building scalable applications.",Excel;FastAPI;Celery;Kubernetes;Redis;Spark,4,75342
234,Pallavi Gupta,9517799786,pallavi.gupta@gmail.com,"Frontend Developer with 3 years of experience. Skilled in Spring Boot, Java, Spark, MongoDB, Angular. Experienced in building scalable applications.",Spring Boot;Java;Spark;MongoDB;Angular,3,87157
235,Anika Sharma,9741022446,anika.sharma@gmail.com,"Machine Learning Engineer with 4 years of experience. Skilled in Machine Learning, C++, Linux, Scala. Experienced in building scalable applications.",Machine Learning;C++;Linux;Scala,4,117863
236,Arjun Reddy,9477547419,arjun.reddy@gmail.com,"Mobile Developer with 2 years of experience. Skilled in Embedded Systems, TensorFlow, Tableau, Hadoop, Blockchain. Experienced in building scalable applications.",Embedded Systems;TensorFlow;Tableau;Hadoop;Blockchain,2,102083
237,Pavithra Gupta,9003132194,pavithra.gupta@gmail.com,"Software Engineer with 9 years of experience. Skilled in Machine Learning, SQL, Excel. Experienced in building scalable applications.",Machine Learning;SQL;Excel,9,115733
238,Rahul Kumar,9427559334,rahul.kumar@gmail.com,"Frontend Developer with 1 years of experience. Skilled in Azure, Tableau, Kubernetes, Embedded Systems, Angular, Django. Experienced in building scalable applications.",Azure;Tableau;Kubernetes;Embedded Systems;Angular;Django,1,139045
239,Diya Reddy,9347986344,diya.reddy@gmail.com,"Backend Developer with 5 years of experience. Skilled in Django, AWS, Scala. Experienced in building scalable applications.",Django;AWS;Scala,5,84698
240,Divya Kumar,9443239228,divya.kumar@gmail.com,"System Administrator with 2 years of experience. Skilled in Redis, AWS, Hadoop, PostgreSQL, Spring Boot, SQL. Experienced in building scalable applications.",Redis;AWS;Hadoop;PostgreSQL;Spring Boot;SQL,2,130623
241,Aadhya Gupta,9772165375,aadhya.gupta@gmail.com,"Full Stack Developer with 6 years of experience. Skilled in SQL, Embedded Systems, Kubernetes. Experienced in building scalable applications.",SQL;Embedded Systems;Kubernetes,6,72671
242,Vikram Iyer,9092601326,vikram.iyer@gmail.com,"QA Engineer with 4 years of experience. Skilled in Excel, Spark, Linux, Node.js, C++. Experienced in building scalable applications.",Excel;Spark;Linux;Node.js;C++,4,75184
243,Prashanth Gupta,9872580862,prashanth.gupta@gmail.com,"Machine Learning Engineer with 9 years of experience. Skilled in Cybersecurity, Angular, Hadoop, Docker, Python, Spring Boot. Experienced in building scalable applications.",Cybersecurity;Angular;Hadoop;Docker;Python;Spring Boot,9,143384
244,Megha Reddy,9643354065,megha.reddy@gmail.com,"Data Scientist with 2 years of experience. Skilled in React, Celery, Scala, Linux, Flask. Experienced in building scalable applications.",React;Celery;Scala;Linux;Flask,2,92107
245,Prasad Patel,9087836352,prasad.patel@gmail.com,"Cloud Engineer with 7 years of experience. Skilled in Embedded Systems, Linux, AWS. Experienced in building scalable applications.",Embedded Systems;Linux;AWS,7,136202
246,Nisha Iyer,9179934291,nisha.iyer@gmail.com,"Software Engineer with 1 years of experience. Skilled in TensorFlow, Flutter, Dart, Scala, Embedded Systems, UI/UX. Experienced in building scalable applications.",TensorFlow;Flutter;Dart;Scala;Embedded Systems;UI/UX,1,101663
247,Navya Gupta,9895884227,navya.gupta@gmail.com,"Cybersecurity Specialist with 7 years of experience. Skilled in Java, Angular, Figma, Flask, Blockchain, Cybersecurity. Experienced in building scalable applications.",Java;Angular;Figma;Flask;Blockchain;Cybersecurity,7,65708
248,Nisha Sharma,9266239917,nisha.sharma@gmail.com,"Frontend Developer with 7 years of experience. Skilled in Blockchain, Embedded Systems, C++. Experienced in building scalable applications.",Blockchain;Embedded Systems;C++,7,141906
249,Navya Reddy,9978945641,navya.reddy@gmail.com,"Software Engineer with 7 years of experience. Skilled in Node.js, Solidity, Spark, Cybersecurity, Python. Experienced in building scalable applications.",Node.js;Solidity;Spark;Cybersecurity;Python,7,99811
250,Navya Rao,9318227137,navya.rao@gmail.com,"Product Manager with 9 years of experience. Skilled in Celery, Dart, PyTorch, Blockchain. Experienced in building scalable applications.",Celery;Dart;PyTorch;Blockchain,9,52811
251,Rohit Sharma,9471106377,rohit.sharma@gmail.com,"Cybersecurity Specialist with 2 years of experience. Skilled in Django, TensorFlow, Redis. Experienced in building scalable applications.",Django;TensorFlow;Redis,2,106250
252,Rahul Gupta,9907998212,rahul.gupta@gmail.com,"QA Engineer with 6 years of experience. Skilled in Excel, Solidity, React. Experienced in building scalable applications.",Excel;Solidity;React,6,122082
253,Karan Gupta,9733764922,karan.gupta@gmail.com,"Product Manager with 7 years of experience. Skilled in Blockchain, FastAPI, Python, Figma, Spark. Experienced in building scalable applications.",Blockchain;FastAPI;Python;Figma;Spark,7,84754
254,Pavithra Iyer,9591839731,pavithra.iyer@gmail.com,"System Administrator with 9 years of experience. Skilled in Hadoop, Celery, Dart, Azure, TensorFlow. Experienced in building scalable applications.",Hadoop;Celery;Dart;Azure;TensorFlow,9,145742
255,Pallavi Iyer,9012990134,pallavi.iyer@gmail.com,"Software Engineer with 1 years of experience. Skilled in Node.js, Azure, Embedded Systems, Java, Dart, Hadoop. Experienced in building scalable applications.",Node.js;Azure;Embedded Systems;Java;Dart;Hadoop,1,61411
256,Rahul Kumar,9638119778,rahul.kumar@gmail.com,"Software Engineer with 1 years of experience. Skilled in Figma, Python, Cybersecurity, React, Java, SQL. Experienced in building scalable applications.",Figma;Python;Cybersecurity;React;Java;SQL,1,52911
257,Prasad Gupta,9452834234,prasad.gupta@gmail.com,"Backend Developer with 10 years of experience. Skilled in SQL, Flutter, Dart, NLP. Experienced in building scalable applications.",SQL;Flutter;Dart;NLP,10,117270
258,Vivaan Sharma,9768732205,vivaan.sharma@gmail.com,"QA Engineer with 5 years of experience. Skilled in MongoDB, Node.js, NLP, Linux. Experienced in building scalable applications.",MongoDB;Node.js;NLP;Linux,5,133763
259,Krishna Sharma,9633938397,krishna.sharma@gmail.com,"Data Analyst with 3 years of experience. Skilled in MongoDB, NLP, SQL, Azure, React. Experienced in building scalable applications.",MongoDB;NLP;SQL;Azure;React,3,58680
260,Arun Iyer,9102887436,arun.iyer@gmail.com,"Full Stack Developer with 7 years of experience. Skilled in React, Docker, Machine Learning, Embedded Systems. Experienced in building scalable applications.",React;Docker;Machine Learning;Embedded Systems,7,134896
261,Reyansh Patel,9132020619,reyansh.patel@gmail.com,"System Administrator with 8 years of experience. Skilled in FastAPI, Hadoop, Redis, Java. Experienced in building scalable applications.",FastAPI;Hadoop;Redis;Java,8,133879
262,Kavya Patel,9421613095,kavya.patel@gmail.com,"System Administrator with 5 years of experience. Skilled in MongoDB, Spark, C++, Redis. Experienced in building scalable applications.",MongoDB;Spark;C++;Redis,5,121295
263,Aarav Rao,9435628007,aarav.rao@gmail.com,"Product Manager with 2 years of experience. Skilled in Flutter, AWS, Django, TensorFlow. Experienced in building scalable applications.",Flutter;AWS;Django;TensorFlow,2,138614
264,Rohit Iyer,9930334203,rohit.iyer@gmail.com,"Data Scientist with 6 years of experience. Skilled in PostgreSQL, FastAPI, Python, Java. Experienced in building scalable applications.",PostgreSQL;FastAPI;Python;Java,6,61111
265,Kavya Patel,9086985091,kavya.patel@gmail.com,"System Administrator with 4 years of experience. Skilled in Linux, Java, SQL, Spring Boot, React. Experienced in building scalable applications.",Linux;Java;SQL;Spring Boot;React,4,87504
266,Vivaan Reddy,9290060036,vivaan.reddy@gmail.com,"Full Stack Developer with 5 years of experience. Skilled in Blockchain, Azure, Scala, Kubernetes, Flutter, SQL. Experienced in building scalable applications.",Blockchain;Azure;Scala;Kubernetes;Flutter;SQL,5,51802
267,Rohit Rao,9226194409,rohit.rao@gmail.com,"System Administrator with 10 years of experience. Skilled in Scala, Blockchain, Azure, React. Experienced in building scalable applications.",Scala;Blockchain;Azure;React,10,58155
268,Kavya Sharma,9883247422,kavya.sharma@gmail.com,"DevOps Engineer with 10 years of experience. Skilled in Azure, Figma, Kubernetes. Experienced in building scalable applications.",Azure;Figma;Kubernetes,10,123656
269,Padma Iyer,9751397978,padma.iyer@gmail.com,"Software Engineer with 4 years of experience. Skilled in Java, Embedded Systems, Kubernetes, Angular, React. Experienced in building scalable applications.",Java;Embedded Systems;Kubernetes;Angular;React,4,89384
270,Prashanth Sharma,9540493493,prashanth.sharma@gmail.com,"Cybersecurity Specialist with 3 years of experience. Skilled in Azure, Django, AWS, Angular, Hadoop, Blockchain. Experienced in building scalable applications.",Azure;Django;AWS;Angular;Hadoop;Blockchain,3,97254
271,Krishna Sharma,9687486783,krishna.sharma@gmail.com,"Product Manager with 1 years of experience. Skilled in Spark, Azure, Spring Boot. Experienced in building scalable applications.",Spark;Azure;Spring Boot,1,71918
272,Anika Reddy,9971248656,anika.reddy@gmail.com,"Mobile Developer with 9 years of experience. Skilled in Spring Boot, UI/UX, Django. Experienced in building scalable applications.",Spring Boot;UI/UX;Django,9,135981
273,Anika Rao,9803739915,anika.rao@gmail.com,"Product Manager with 7 years of experience. Skilled in Hadoop, PostgreSQL, Node.js. Experienced in building scalable applications.",Hadoop;PostgreSQL;Node.js,7,110713
274,Myra Gupta,9999451993,myra.gupta@gmail.com,"System Administrator with 10 years of experience. Skilled in Spring Boot, SQL, Scala, NLP, AWS, Solidity. Experienced in building scalable applications.",Spring Boot;SQL;Scala;NLP;AWS;Solidity,10,80306
275,Vivaan Reddy,9284886899,vivaan.reddy@gmail.com,"Cybersecurity Specialist with 4 years of experience. Skilled in Solidity, Kubernetes, Azure, Django, Blockchain. Experienced in building scalable applications.",Solidity;Kubernetes;Azure;Django;Blockchain,4,66646
276,Lakshmi Iyer,9197861591,lakshmi.iyer@gmail.com,"Data Scientist with 7 years of experience. Skilled in Flask, Python, Java, SQL. Experienced in building scalable applications.",Flask;Python;Java;SQL,7,96843
277,Pavithra Iyer,9933601871,pavithra.iyer@gmail.com,"QA Engineer with 3 years of experience. Skilled in Java, UI/UX, Python, Spring Boot, Scala, React. Experienced in building scalable applications.",Java;UI/UX;Python;Spring Boot;Scala;React,3,146601
278,Diya Iyer,9804138152,diya.iyer@gmail.com,"Full Stack Developer with 2 years of experience. Skilled in Python, Java, Flutter, Blockchain, Angular, PostgreSQL. Experienced in building scalable applications.",Python;Java;Flutter;Blockchain;Angular;PostgreSQL,2,140735
279,Krishna Reddy,9942823863,krishna.reddy@gmail.com,"Cybersecurity Specialist with 5 years of experience. Skilled in UI/UX, MongoDB, AWS, Celery. Experienced in building scalable applications.",UI/UX;MongoDB;AWS;Celery,5,66371
280,Anika Gupta,9677899058,anika.gupta@gmail.com,"DevOps Engineer with 8 years of experience. Skilled in AWS, Angular, Node.js, Excel. Experienced in building scalable applications.",AWS;Angular;Node.js;Excel,8,127371
281,Prashanth Kumar,9107224257,prashanth.kumar@gmail.com,"System Administrator with 7 years of experience. Skilled in Spark, Figma, Blockchain, MongoDB, Machine Learning, Angular. Experienced in building scalable applications.",Spark;Figma;Blockchain;MongoDB;Machine Learning;Angular,7,52049
282,Padma Iyer,9532213404,padma.iyer@gmail.com,"Product Manager with 6 years of experience. Skilled in PostgreSQL, TensorFlow, Solidity, Angular, Node.js, Azure. Experienced in building scalable applications.",PostgreSQL;TensorFlow;Solidity;Angular;Node.js;Azure,6,81616
283,Myra Sharma,9837365271,myra.sharma@gmail.com,"Software Engineer with 7 years of experience. Skilled in C++, Python, Linux, Flutter, PostgreSQL, Machine Learning. Experienced in building scalable applications.",C++;Python;Linux;Flutter;PostgreSQL;Machine Learning,7,70932
284,Rahul Gupta,9932000857,rahul.gupta@gmail.com,"Cloud Engineer with 7 years of experience. Skilled in Dart, PostgreSQL, Node.js, FastAPI, Azure. Experienced in building scalable applications.",Dart;PostgreSQL;Node.js;FastAPI;Azure,7,79855
285,Vikram Iyer,9385965498,vikram.iyer@gmail.com,"System Administrator with 10 years of experience. Skilled in Hadoop, PostgreSQL, Machine Learning. Experienced in building scalable applications.",Hadoop;PostgreSQL;Machine Learning,10,111434
286,Myra Rao,9570673079,myra.rao@gmail.com,"Backend Developer with 1 years of experience. Skilled in Embedded Systems, Node.js, Python. Experienced in building scalable applications.",Embedded Systems;Node.js;Python,1,122694
287,Vihaan Rao,9661175148,vihaan.rao@gmail.com,"QA Engineer with 6 years of experience. Skilled in Spark, Node.js, Hadoop, UI/UX, Python. Experienced in building scalable applications.",Spark;Node.js;Hadoop;UI/UX;Python,6,93016
288,Aarav Kumar,9196635582,aarav.kumar@gmail.com,"Machine Learning Engineer with 7 years of experience. Skilled in TensorFlow, Machine Learning, MongoDB. Experienced in building scalable applications.",TensorFlow;Machine Learning;MongoDB,7,57400
289,Pallavi Patel,9196412144,pallavi.patel@gmail.com,"Cloud Engineer with 8 years of experience. Skilled in FastAPI, Flask, Solidity. Experienced in building scalable applications.",FastAPI;Flask;Solidity,8,92642
290,Arun Rao,9237615892,arun.rao@gmail.com,"System Administrator with 1 years of experience. Skilled in Spring Boot, Kubernetes, Django. Experienced in building scalable applications.",Spring Boot;Kubernetes;Django,1,65151
291,Ira Sharma,9155795432,ira.sharma@gmail.com,"QA Engineer with 1 years of experience. Skilled in MongoDB, SQL, Spring Boot. Experienced in building scalable applications.",MongoDB;SQL;Spring Boot,1,101407
292,Shaurya Rao,9524904572,shaurya.rao@gmail.com,"QA Engineer with 1 years of experience. Skilled in Celery, React, Machine Learning, Tableau, Django, Spring Boot. Experienced in building scalable applications.",Celery;React;Machine Learning;Tableau;Django;Spring Boot,1,116690
293,Anika Sharma,9265152647,anika.sharma@gmail.com,"Machine Learning Engineer with 7 years of experience. Skilled in SQL, C++, Tableau. Experienced in building scalable applications.",SQL;C++;Tableau,7,54499
294,Lakshmi Reddy,9764323768,lakshmi.reddy@gmail.com,"Software Engineer with 3 years of experience. Skilled in PyTorch, Python, Cybersecurity, Embedded Systems. Experienced in building scalable applications.",PyTorch;Python;Cybersecurity;Embedded Systems,3,56295
295,Prasad Patel,9322143017,prasad.patel@gmail.com,"Cloud Engineer with 7 years of experience. Skilled in Tableau, Embedded Systems, Angular, C++, Spring Boot. Experienced in building scalable applications.",Tableau;Embedded Systems;Angular;C++;Spring Boot,7,109040
296,Divya Kumar,9981925852,divya.kumar@gmail.com,"Machine Learning Engineer with 5 years of experience. Skilled in Figma, AWS, NLP. Experienced in building scalable applications.",Figma;AWS;NLP,5,62183
297,Riya Gupta,9921056803,riya.gupta@gmail.com,"Frontend Developer with 5 years of experience. Skilled in Solidity, Flask, FastAPI. Experienced in building scalable applications.",Solidity;Flask;FastAPI,5,79299
298,Aarav Sharma,9297227643,aarav.sharma@gmail.com,"Data Scientist with 8 years of experience. Skilled in Cybersecurity, SQL, Tableau, Machine Learning, Excel. Experienced in building scalable applications.",Cybersecurity;SQL;Tableau;Machine Learning;Excel,8,62874
299,Vihaan Reddy,9532934095,vihaan.reddy@gmail.com,"Product Manager with 9 years of experience. Skilled in Scala, Redis, AWS, Node.js, PyTorch. Experienced in building scalable applications.",Scala;Redis;AWS;Node.js;PyTorch,9,82711
300,Pavithra Kumar,9131309571,pavithra.kumar@gmail.com,"Product Manager with 4 years of experience. Skilled in Azure, Linux, Excel. Experienced in building scalable applications.",Azure;Linux;Excel,4,55539
301,Myra Patel,9926592438,myra.patel@gmail.com,"QA Engineer with 2 years of experience. Skilled in Redis, Solidity, Scala. Experienced in building scalable applications.",Redis;Solidity;Scala,2,103351
302,Aarav Sharma,9153027702,aarav.sharma@gmail.com,"Frontend Developer with 5 years of experience. Skilled in PyTorch, Embedded Systems, Node.js, Redis, C++. Experienced in building scalable applications.",PyTorch;Embedded Systems;Node.js;Redis;C++,5,111267
303,Diya Sharma,9573643427,diya.sharma@gmail.com,"System Administrator with 4 years of experience. Skilled in Kubernetes, C++, Java, Dart, Redis, Linux. Experienced in building scalable applications.",Kubernetes;C++;Java;Dart;Redis;Linux,4,98354
304,Padmaja Gupta,9956169527,padmaja.gupta@gmail.com,"Frontend Developer with 5 years of experience. Skilled in Azure, Figma, Embedded Systems, TensorFlow, Angular, Machine Learning. Experienced in building scalable applications.",Azure;Figma;Embedded Systems;TensorFlow;Angular;Machine Learning,5,52557
305,Aarav Gupta,9955414212,aarav.gupta@gmail.com,"Software Engineer with 5 years of experience. Skilled in Embedded Systems, FastAPI, React, TensorFlow. Experienced in building scalable applications.",Embedded Systems;FastAPI;React;TensorFlow,5,88360
306,Prasad Rao,9115306991,prasad.rao@gmail.com,"System Administrator with 3 years of experience. Skilled in Django, Node.js, FastAPI, Scala, Kubernetes. Experienced in building scalable applications.",Django;Node.js;FastAPI;Scala;Kubernetes,3,132018
307,Vihaan Gupta,9248525774,vihaan.gupta@gmail.com,"Machine Learning Engineer with 3 years of experience. Skilled in SQL, Embedded Systems, UI/UX, Redis, Tableau, Flask. Experienced in building scalable applications.",SQL;Embedded Systems;UI/UX;Redis;Tableau;Flask,3,52200
308,Rahul Gupta,9079857253,rahul.gupta@gmail.com,"System Administrator with 7 years of experience. Skilled in Scala, React, Redis, Angular, Azure, Kubernetes. Experienced in building scalable applications.",Scala;React;Redis;Angular;Azure;Kubernetes,7,118497
309,Myra Iyer,9082154116,myra.iyer@gmail.com,"Backend Developer with 5 years of experience. Skilled in Figma, Embedded Systems, MongoDB, Java, Azure, UI/UX. Experienced in building scalable applications.",Figma;Embedded Systems;MongoDB;Java;Azure;UI/UX,5,96975
310,Ira Gupta,9103029895,ira.gupta@gmail.com,"Machine Learning Engineer with 4 years of experience. Skilled in Cybersecurity, Embedded Systems, NLP. Experienced in building scalable applications.",Cybersecurity;Embedded Systems;NLP,4,71357
311,Rahul Reddy,9648133831,rahul.reddy@gmail.com,"Full Stack Developer with 6 years of experience. Skilled in Solidity, Scala, FastAPI, Redis, Celery, React. Experienced in building scalable applications.",Solidity;Scala;FastAPI;Redis;Celery;React,6,127505
312,Karan Reddy,9103703890,karan.reddy@gmail.com,"Full Stack Developer with 9 years of experience. Skilled in Celery, Redis, Spark, Node.js, Figma. Experienced in building scalable applications.",Celery;Redis;Spark;Node.js;Figma,9,52869
313,Aadhya Rao,9827315521,aadhya.rao@gmail.com,"QA Engineer with 3 years of experience. Skilled in Flask, Dart, Machine Learning, Docker, Spring Boot, Scala. Experienced in building scalable applications.",Flask;Dart;Machine Learning;Docker;Spring Boot;Scala,3,111135
314,Aditya Iyer,9765662777,aditya.iyer@gmail.com,"DevOps Engineer with 5 years of experience. Skilled in PostgreSQL, Python, React, Django, Java, Solidity. Experienced in building scalable applications.",PostgreSQL;Python;React;Django;Java;Solidity,5,100108
315,Pavithra Iyer,9544362298,pavithra.iyer@gmail.com,"Mobile Developer with 3 years of experience. Skilled in AWS, Embedded Systems, C++, Cybersecurity, Figma, Dart. Experienced in building scalable applications.",AWS;Embedded Systems;C++;Cybersecurity;Figma;Dart,3,144179
316,Naresh Patel,9650912660,naresh.patel@gmail.com,"DevOps Engineer with 4 years of experience. Skilled in Spring Boot, Spark, UI/UX. Experienced in building scalable applications.",Spring Boot;Spark;UI/UX,4,140272
317,Prasad Kumar,9921402891,prasad.kumar@gmail.com,"Backend Developer with 7 years of experience. Skilled in Angular, Solidity, Cybersecurity, Kubernetes, SQL, TensorFlow. Experienced in building scalable applications.",Angular;Solidity;Cybersecurity;Kubernetes;SQL;TensorFlow,7,88467
318,Kavya Kumar,9547294417,kavya.kumar@gmail.com,"Backend Developer with 7 years of experience. Skilled in Scala, Angular, Spark, AWS, Figma, PyTorch. Experienced in building scalable applications.",Scala;Angular;Spark;AWS;Figma;PyTorch,7,73328
319,Vikram Sharma,9618683438,vikram.sharma@gmail.com,"Mobile Developer with 10 years of experience. Skilled in Excel, Django, MongoDB, Python, Node.js. Experienced in building scalable applications.",Excel;Django;MongoDB;Python;Node.js,10,141412
320,Pooja Reddy,9779830291,pooja.reddy@gmail.com,"Backend Developer with 3 years of experience. Skilled in Docker, Cybersecurity, Flask, Flutter. Experienced in building scalable applications.",Docker;Cybersecurity;Flask;Flutter,3,136831
321,Vikram Patel,9574273010,vikram.patel@gmail.com,"Frontend Developer with 9 years of experience. Skilled in PostgreSQL, Java, Blockchain, Spark, UI/UX, Flask. Experienced in building scalable applications.",PostgreSQL;Java;Blockchain;Spark;UI/UX;Flask,9,53987
322,Pooja Iyer,9370066910,pooja.iyer@gmail.com,"System Administrator with 3 years of experience. Skilled in Embedded Systems, Celery, Excel. Experienced in building scalable applications.",Embedded Systems;Celery;Excel,3,108871
323,Padma Iyer,9331046317,padma.iyer@gmail.com,"Data Analyst with 8 years of experience. Skilled in PyTorch, Figma, MongoDB, Embedded Systems, Java, Angular. Experienced in building scalable applications.",PyTorch;Figma;MongoDB;Embedded Systems;Java;Angular,8,72399
324,Navya Patel,9979438976,navya.patel@gmail.com,"Cloud Engineer with 6 years of experience. Skilled in Scala, Flask, C++, React, Python. Experienced in building scalable applications.",Scala;Flask;C++;React;Python,6,96214
325,Pavithra Sharma,9626552175,pavithra.sharma@gmail.com,"Frontend Developer with 6 years of experience. Skilled in TensorFlow, PostgreSQL, Redis, Dart, Scala. Experienced in building scalable applications.",TensorFlow;PostgreSQL;Redis;Dart;Scala,6,149522
326,Rahul Reddy,9012313339,rahul.reddy@gmail.com,"Software Engineer with 7 years of experience. Skilled in Hadoop, Embedded Systems, Spark, Dart, NLP, Flask. Experienced in building scalable applications.",Hadoop;Embedded Systems;Spark;Dart;NLP;Flask,7,136416
327,Ishaan Sharma,9012667285,ishaan.sharma@gmail.com,"Mobile Developer with 1 years of experience. Skilled in Kubernetes, SQL, Docker, Excel, Figma. Experienced in building scalable applications.",Kubernetes;SQL;Docker;Excel;Figma,1,120271
328,Pavithra Rao,9627756060,pavithra.rao@gmail.com,"Machine Learning Engineer with 5 years of experience. Skilled in Celery, C++, SQL, Solidity. Experienced in building scalable applications.",Celery;C++;SQL;Solidity,5,94064
329,Vihaan Patel,9823108656,vihaan.patel@gmail.com,"Cybersecurity Specialist with 7 years of experience. Skilled in Linux, FastAPI, Machine Learning, Celery, Spark, Excel. Experienced in building scalable applications.",Linux;FastAPI;Machine Learning;Celery;Spark;Excel,7,120091
330,Aadhya Iyer,9877523669,aadhya.iyer@gmail.com,"QA Engineer with 10 years of experience. Skilled in Blockchain, UI/UX, Scala. Experienced in building scalable applications.",Blockchain;UI/UX;Scala,10,90818
331,Prasad Patel,9367288278,prasad.patel@gmail.com,"Mobile Developer with 5 years of experience. Skilled in Kubernetes, C++, Cybersecurity. Experienced in building scalable applications.",Kubernetes;C++;Cybersecurity,5,95525
332,Krishna Kumar,9067024459,krishna.kumar@gmail.com,"Mobile Developer with 2 years of experience. Skilled in Embedded Systems, Machine Learning, Solidity, SQL. Experienced in building scalable applications.",Embedded Systems;Machine Learning;Solidity;SQL,2,69830
333,Pavithra Sharma,9004356938,pavithra.sharma@gmail.com,"QA Engineer with 10 years of experience. Skilled in Solidity, Java, Embedded Systems, Python, UI/UX. Experienced in building scalable applications.",Solidity;Java;Embedded Systems;Python;UI/UX,10,67429
334,Reyansh Patel,9654850276,reyansh.patel@gmail.com,"Backend Developer with 10 years of experience. Skilled in C++, UI/UX, Spring Boot. Experienced in building scalable applications.",C++;UI/UX;Spring Boot,10,56893
335,Nisha Rao,9346860550,nisha.rao@gmail.com,"Cybersecurity Specialist with 8 years of experience. Skilled in Embedded Systems, Cybersecurity, React. Experienced in building scalable applications.",Embedded Systems;Cybersecurity;React,8,129909
336,Vivaan Kumar,9113265491,vivaan.kumar@gmail.com,"Full Stack Developer with 1 years of experience. Skilled in Machine Learning, Solidity, Spring Boot. Experienced in building scalable applications.",Machine Learning;Solidity;Spring Boot,1,97333
337,Prashanth Iyer,9563481209,prashanth.iyer@gmail.com,"QA Engineer with 7 years of experience. Skilled in Linux, Celery, Angular, TensorFlow, Spring Boot. Experienced in building scalable applications.",Linux;Celery;Angular;TensorFlow;Spring Boot,7,53436
338,Pooja Reddy,9434980071,pooja.reddy@gmail.com,"Cybersecurity Specialist with 7 years of experience. Skilled in Celery, Java, FastAPI, TensorFlow. Experienced in building scalable applications.",Celery;Java;FastAPI;TensorFlow,7,124290
339,Padma Rao,9449763634,padma.rao@gmail.com,"System Administrator with 4 years of experience. Skilled in React, Machine Learning, Tableau, Cybersecurity, Docker, Hadoop. Experienced in building scalable applications.",React;Machine Learning;Tableau;Cybersecurity;Docker;Hadoop,4,126213
340,Ishaan Kumar,9626617651,ishaan.kumar@gmail.com,"Machine Learning Engineer with 5 years of experience. Skilled in Hadoop, Python, Scala, Java, Angular, SQL. Experienced in building scalable applications.",Hadoop;Python;Scala;Java;Angular;SQL,5,55895
341,Megha Sharma,9033080080,megha.sharma@gmail.com,"Software Engineer with 8 years of experience. Skilled in Embedded Systems, UI/UX, Cybersecurity. Experienced in building scalable applications.",Embedded Systems;UI/UX;Cybersecurity,8,69738
342,Arjun Reddy,9292109421,arjun.reddy@gmail.com,"QA Engineer with 2 years of experience. Skilled in Flutter, Django, Scala, Node.js, PyTorch. Experienced in building scalable applications.",Flutter;Django;Scala;Node.js;PyTorch,2,80746
343,Vikram Reddy,9193932966,vikram.reddy@gmail.com,"Machine Learning Engineer with 8 years of experience. Skilled in Node.js, Figma, Embedded Systems, Solidity, React, MongoDB. Experienced in building scalable applications.",Node.js;Figma;Embedded Systems;Solidity;React;MongoDB,8,99377
344,Prashanth Patel,9093180373,prashanth.patel@gmail.com,"DevOps Engineer with 7 years of experience. Skilled in Celery, Spring Boot, Docker, Node.js, Django, Embedded Systems. Experienced in building scalable applications.",Celery;Spring Boot;Docker;Node.js;Django;Embedded Systems,7,98404
345,Shaurya Iyer,9231789680,shaurya.iyer@gmail.com,"Full Stack Developer with 10 years of experience. Skilled in Hadoop, Spark, Java. Experienced in building scalable applications.",Hadoop;Spark;Java,10,104045
346,Padma Iyer,9615436151,padma.iyer@gmail.com,"QA Engineer with 10 years of experience. Skilled in AWS, MongoDB, FastAPI. Experienced in building scalable applications.",AWS;MongoDB;FastAPI,10,147888
347,Diya Iyer,9189070465,diya.iyer@gmail.com,"Cloud Engineer with 4 years of experience. Skilled in PostgreSQL, Celery, Cybersecurity, MongoDB. Experienced in building scalable applications.",PostgreSQL;Celery;Cybersecurity;MongoDB,4,89790
348,Prashanth Sharma,9021234359,prashanth.sharma@gmail.com,"Software Engineer with 1 years of experience. Skilled in TensorFlow, Spring Boot, Spark. Experienced in building scalable applications.",TensorFlow;Spring Boot;Spark,1,55600
349,Karan Rao,9103159469,karan.rao@gmail.com,"Backend Developer with 5 years of experience. Skilled in Docker, React, Cybersecurity, PyTorch, AWS, TensorFlow. Experienced in building scalable applications.",Docker;React;Cybersecurity;PyTorch;AWS;TensorFlow,5,144660
350,Aarav Rao,9222445601,aarav.rao@gmail.com,"Software Engineer with 8 years of experience. Skilled in Tableau, Figma, Flask, Machine Learning. Experienced in building scalable applications.",Tableau;Figma;Flask;Machine Learning,8,143179
351,Vihaan Patel,9281696929,vihaan.patel@gmail.com,"Frontend Developer with 2 years of experience. Skilled in React, Docker, Java. Experienced in building scalable applications.",React;Docker;Java,2,90764
352,Reyansh Kumar,9697119945,reyansh.kumar@gmail.com,"System Administrator with 5 years of experience. Skilled in PostgreSQL, Figma, Java. Experienced in building scalable applications.",PostgreSQL;Figma;Java,5,124543
353,Pallavi Rao,9806581457,pallavi.rao@gmail.com,"Machine Learning Engineer with 2 years of experience. Skilled in Node.js, AWS, PyTorch, Tableau. Experienced in building scalable applications.",Node.js;AWS;PyTorch;Tableau,2,95714
354,Naresh Kumar,9425365191,naresh.kumar@gmail.com,"Cybersecurity Specialist with 10 years of experience. Skilled in Azure, SQL, Java, Kubernetes, Solidity. Experienced in building scalable applications.",Azure;SQL;Java;Kubernetes;Solidity,10,106835
355,Kavya Gupta,9027341456,kavya.gupta@gmail.com,"QA Engineer with 8 years of experience. Skilled in FastAPI, Figma, Python, Angular, Cybersecurity. Experienced in building scalable applications.",FastAPI;Figma;Python;Angular;Cybersecurity,8,123744
356,Prashanth Gupta,9321686212,prashanth.gupta@gmail.com,"Product Manager with 3 years of experience. Skilled in Celery, Machine Learning, NLP, Redis. Experienced in building scalable applications.",Celery;Machine Learning;NLP;Redis,3,106491
357,Aditya Kumar,9123475704,aditya.kumar@gmail.com,"Data Analyst with 5 years of experience. Skilled in UI/UX, Tableau, AWS, Embedded Systems. Experienced in building scalable applications.",UI/UX;Tableau;AWS;Embedded Systems,5,68589
358,Karan Patel,9006034551,karan.patel@gmail.com,"Frontend Developer with 5 years of experience. Skilled in C++, Tableau, Spring Boot, Dart, Python. Experienced in building scalable applications.",C++;Tableau;Spring Boot;Dart;Python,5,93484
359,Aarav Gupta,9056536891,aarav.gupta@gmail.com,"QA Engineer with 8 years of experience. Skilled in AWS, Tableau, Figma, Angular. Experienced in building scalable applications.",AWS;Tableau;Figma;Angular,8,132989
360,Lakshmi Kumar,9520716676,lakshmi.kumar@gmail.com,"Cloud Engineer with 6 years of experience. Skilled in PyTorch, Flask, Spring Boot, Java. Experienced in building scalable applications.",PyTorch;Flask;Spring Boot;Java,6,86212
361,Pavithra Iyer,9410400305,pavithra.iyer@gmail.com,"Machine Learning Engineer with 6 years of experience. Skilled in Django, MongoDB, UI/UX, PyTorch, Machine Learning, Dart. Experienced in building scalable applications.",Django;MongoDB;UI/UX;PyTorch;Machine Learning;Dart,6,93525
362,Myra Gupta,9069944753,myra.gupta@gmail.com,"Cybersecurity Specialist with 5 years of experience. Skilled in UI/UX, React, Docker, Angular, Tableau. Experienced in building scalable applications.",UI/UX;React;Docker;Angular;Tableau,5,97202
363,Diya Rao,9995558809,diya.rao@gmail.com,"QA Engineer with 8 years of experience. Skilled in PostgreSQL, Flask, SQL, Embedded Systems. Experienced in building scalable applications.",PostgreSQL;Flask;SQL;Embedded Systems,8,82635
364,Anika Reddy,9618617538,anika.reddy@gmail.com,"Data Analyst with 4 years of experience. Skilled in UI/UX, Hadoop, React, Django, Spring Boot. Experienced in building scalable applications.",UI/UX;Hadoop;React;Django;Spring Boot,4,113208
365,Anika Iyer,9410805682,anika.iyer@gmail.com,"Data Analyst with 10 years of experience. Skilled in Azure, SQL, Figma, Embedded Systems. Experienced in building scalable applications.",Azure;SQL;Figma;Embedded Systems,10,83828
366,Pallavi Rao,9656996221,pallavi.rao@gmail.com,"Mobile Developer with 8 years of experience. Skilled in Flutter, Cybersecurity, Docker. Experienced in building scalable applications.",Flutter;Cybersecurity;Docker,8,68711
367,Arun Sharma,9929844966,arun.sharma@gmail.com,"QA Engineer with 3 years of experience. Skilled in Blockchain, TensorFlow, Cybersecurity. Experienced in building scalable applications.",Blockchain;TensorFlow;Cybersecurity,3,53420
368,Sneha Kumar,9191053415,sneha.kumar@gmail.com,"QA Engineer with 5 years of experience. Skilled in Angular, Embedded Systems, FastAPI. Experienced in building scalable applications.",Angular;Embedded Systems;FastAPI,5,146752
369,Mahesh Iyer,9556693750,mahesh.iyer@gmail.com,"Frontend Developer with 6 years of experience. Skilled in SQL, Redis, Python, Figma. Experienced in building scalable applications.",SQL;Redis;Python;Figma,6,50301
370,Padma Iyer,9270916717,padma.iyer@gmail.com,"Frontend Developer with 9 years of experience. Skilled in Solidity, Machine Learning, Docker, Embedded Systems, NLP. Experienced in building scalable applications.",Solidity;Machine Learning;Docker;Embedded Systems;NLP,9,95236
371,Vikram Reddy,9347607572,vikram.reddy@gmail.com,"Cybersecurity Specialist with 1 years of experience. Skilled in Docker, Flask, UI/UX, Blockchain, Tableau. Experienced in building scalable applications.",Docker;Flask;UI/UX;Blockchain;Tableau,1,116235
372,Sneha Rao,9822600005,sneha.rao@gmail.com,"Machine Learning Engineer with 3 years of experience. Skilled in FastAPI, Machine Learning, C++, SQL, Scala. Experienced in building scalable applications.",FastAPI;Machine Learning;C++;SQL;Scala,3,104240
373,Ishaan Reddy,9244026314,ishaan.reddy@gmail.com,"Full Stack Developer with 6 years of experience. Skilled in Angular, Embedded Systems, AWS, Node.js. Experienced in building scalable applications.",Angular;Embedded Systems;AWS;Node.js,6,115726
374,Riya Kumar,9315821111,riya.kumar@gmail.com,"System Administrator with 4 years of experience. Skilled in Spring Boot, FastAPI, Angular, Python, Scala, Redis. Experienced in building scalable applications.",Spring Boot;FastAPI;Angular;Python;Scala;Redis,4,60492
375,Naresh Gupta,9276177453,naresh.gupta@gmail.com,"DevOps Engineer with 3 years of experience. Skilled in Kubernetes, Cybersecurity, Spark, Java. Experienced in building scalable applications.",Kubernetes;Cybersecurity;Spark;Java,3,56102
376,Kavya Kumar,9864944930,kavya.kumar@gmail.com,"Frontend Developer with 4 years of experience. Skilled in Linux, Figma, Node.js, Dart, FastAPI, Flutter. Experienced in building scalable applications.",Linux;Figma;Node.js;Dart;FastAPI;Flutter,4,100336
377,Syam Kumar,9788919649,syam.kumar@gmail.com,"Frontend Developer with 9 years of experience. Skilled in AWS, C++, Blockchain, UI/UX, MongoDB, Scala. Experienced in building scalable applications.",AWS;C++;Blockchain;UI/UX;MongoDB;Scala,9,135314
378,Karan Gupta,9634179569,karan.gupta@gmail.com,"DevOps Engineer with 3 years of experience. Skilled in MongoDB, NLP, Tableau. Experienced in building scalable applications.",MongoDB;NLP;Tableau,3,76641
379,Megha Iyer,9500966506,megha.iyer@gmail.com,"Software Engineer with 8 years of experience. Skilled in Node.js, Celery, Redis, FastAPI. Experienced in building scalable applications.",Node.js;Celery;Redis;FastAPI,8,84584
380,Krishna Reddy,9202925420,krishna.reddy@gmail.com,"Machine Learning Engineer with 5 years of experience. Skilled in React, Azure, PostgreSQL, Scala, Dart, FastAPI. Experienced in building scalable applications.",React;Azure;PostgreSQL;Scala;Dart;FastAPI,5,82745
381,Padmaja Rao,9251998325,padmaja.rao@gmail.com,"QA Engineer with 3 years of experience. Skilled in Excel, Node.js, Angular, Java. Experienced in building scalable applications.",Excel;Node.js;Angular;Java,3,73093
382,Lakshmi Patel,9366647901,lakshmi.patel@gmail.com,"DevOps Engineer with 8 years of experience. Skilled in SQL, Spark, Solidity. Experienced in building scalable applications.",SQL;Spark;Solidity,8,116105
383,Vihaan Reddy,9833572098,vihaan.reddy@gmail.com,"Data Analyst with 3 years of experience. Skilled in TensorFlow, Cybersecurity, Excel, NLP. Experienced in building scalable applications.",TensorFlow;Cybersecurity;Excel;NLP,3,101885
384,Aditya Patel,9979068394,aditya.patel@gmail.com,"Cloud Engineer with 7 years of experience. Skilled in Cybersecurity, Kubernetes, Dart, Azure. Experienced in building scalable applications.",Cybersecurity;Kubernetes;Dart;Azure,7,86631
385,Riya Iyer,9327485653,riya.iyer@gmail.com,"Machine Learning Engineer with 8 years of experience. Skilled in Linux, Node.js, Machine Learning, Python. Experienced in building scalable applications.",Linux;Node.js;Machine Learning;Python,8,122991
386,Lakshmi Sharma,9431980363,lakshmi.sharma@gmail.com,"QA Engineer with 2 years of experience. Skilled in Cybersecurity, Hadoop, Blockchain. Experienced in building scalable applications.",Cybersecurity;Hadoop;Blockchain,2,54014
387,Riya Sharma,9819614364,riya.sharma@gmail.com,"Machine Learning Engineer with 3 years of experience. Skilled in Docker, Redis, UI/UX, React, Kubernetes. Experienced in building scalable applications.",Docker;Redis;UI/UX;React;Kubernetes,3,61093
388,Aarav Rao,9376188805,aarav.rao@gmail.com,"Backend Developer with 5 years of experience. Skilled in Redis, Cybersecurity, MongoDB, Excel, SQL, Angular. Experienced in building scalable applications.",Redis;Cybersecurity;MongoDB;Excel;SQL;Angular,5,68070
389,Sneha Rao,9623669730,sneha.rao@gmail.com,"Backend Developer with 6 years of experience. Skilled in Figma, MongoDB, Angular, TensorFlow. Experienced in building scalable applications.",Figma;MongoDB;Angular;TensorFlow,6,85777
390,Myra Sharma,9221762838,myra.sharma@gmail.com,"Frontend Developer with 2 years of experience. Skilled in Java, Solidity, Flask, Embedded Systems, Tableau, Redis. Experienced in building scalable applications.",Java;Solidity;Flask;Embedded Systems;Tableau;Redis,2,106958
391,Ishaan Rao,9989940867,ishaan.rao@gmail.com,"Data Analyst with 8 years of experience. Skilled in Machine Learning, FastAPI, Tableau. Experienced in building scalable applications.",Machine Learning;FastAPI;Tableau,8,132074
392,Padma Sharma,9865036487,padma.sharma@gmail.com,"Data Scientist with 8 years of experience. Skilled in Solidity, Embedded Systems, PyTorch, Dart, UI/UX. Experienced in building scalable applications.",Solidity;Embedded Systems;PyTorch;Dart;UI/UX,8,60729
393,Reyansh Iyer,9517180449,reyansh.iyer@gmail.com,"Mobile Developer with 9 years of experience. Skilled in Docker, Azure, Python. Experienced in building scalable applications.",Docker;Azure;Python,9,149713
394,Syam Gupta,9240048584,syam.gupta@gmail.com,"Frontend Developer with 6 years of experience. Skilled in SQL, NLP, UI/UX, Flutter. Experienced in building scalable applications.",SQL;NLP;UI/UX;Flutter,6,95017
395,Padma Gupta,9371147049,padma.gupta@gmail.com,"Cybersecurity Specialist with 9 years of experience. Skilled in Cybersecurity, UI/UX, FastAPI, PostgreSQL, Dart, Figma. Experienced in building scalable applications.",Cybersecurity;UI/UX;FastAPI;PostgreSQL;Dart;Figma,9,116320
396,Rahul Sharma,9855066123,rahul.sharma@gmail.com,"Backend Developer with 6 years of experience. Skilled in NLP, Scala, Flask. Experienced in building scalable applications.",NLP;Scala;Flask,6,77751
397,Lakshmi Kumar,9747829730,lakshmi.kumar@gmail.com,"Machine Learning Engineer with 3 years of experience. Skilled in Linux, Redis, Azure, Java, Celery. Experienced in building scalable applications.",Linux;Redis;Azure;Java;Celery,3,128069
398,Nisha Reddy,9109140968,nisha.reddy@gmail.com,"Backend Developer with 7 years of experience. Skilled in Java, React, Python, Redis, Solidity. Experienced in building scalable applications.",Java;React;Python;Redis;Solidity,7,104748
399,Kavya Rao,9858792228,kavya.rao@gmail.com,"Data Analyst with 10 years of experience. Skilled in Flutter, Tableau, Flask, Node.js, Embedded Systems, Blockchain. Experienced in building scalable applications.",Flutter;Tableau;Flask;Node.js;Embedded Systems;Blockchain,10,55801
400,Sai Iyer,9021213768,sai.iyer@gmail.com,"QA Engineer with 8 years of experience. Skilled in Scala, Flutter, Angular. Experienced in building scalable applications.",Scala;Flutter;Angular,8,69190
401,Pallavi Patel,9442833115,pallavi.patel@gmail.com,"Backend Developer with 5 years of experience. Skilled in Figma, PyTorch, Kubernetes, TensorFlow, Embedded Systems, Tableau. Experienced in building scalable applications.",Figma;PyTorch;Kubernetes;TensorFlow;Embedded Systems;Tableau,5,99689
402,Padmaja Rao,9260076733,padmaja.rao@gmail.com,"Cybersecurity Specialist with 2 years of experience. Skilled in Hadoop, Excel, NLP, AWS. Experienced in building scalable applications.",Hadoop;Excel;NLP;AWS,2,100993
403,Sneha Reddy,9902008259,sneha.reddy@gmail.com,"Mobile Developer with 6 years of experience. Skilled in Docker, FastAPI, Blockchain. Experienced in building scalable applications.",Docker;FastAPI;Blockchain,6,79592
404,Vikram Patel,9075386661,vikram.patel@gmail.com,"Full Stack Developer with 7 years of experience. Skilled in FastAPI, Spring Boot, Docker, Java, TensorFlow, Dart. Experienced in building scalable applications.",FastAPI;Spring Boot;Docker;Java;TensorFlow;Dart,7,60647
405,Sneha Rao,9301295634,sneha.rao@gmail.com,"Frontend Developer with 5 years of experience. Skilled in C++, Redis, PostgreSQL, Flask. Experienced in building scalable applications.",C++;Redis;PostgreSQL;Flask,5,58716
406,Sneha Iyer,9990132034,sneha.iyer@gmail.com,"QA Engineer with 7 years of experience. Skilled in Hadoop, Figma, MongoDB. Experienced in building scalable applications.",Hadoop;Figma;MongoDB,7,138891
407,Sneha Gupta,9469327987,sneha.gupta@gmail.com,"Data Analyst with 2 years of experience. Skilled in Figma, Celery, PostgreSQL, Spring Boot. Experienced in building scalable applications.",Figma;Celery;PostgreSQL;Spring Boot,2,137545
408,Karan Kumar,9689043653,karan.kumar@gmail.com,"QA Engineer with 9 years of experience. Skilled in Kubernetes, Spring Boot, Celery. Experienced in building scalable applications.",Kubernetes;Spring Boot;Celery,9,139912
409,Aditya Sharma,9113472234,aditya.sharma@gmail.com,"System Administrator with 1 years of experience. Skilled in Solidity, React, PyTorch, Flutter, Excel, Celery. Experienced in building scalable applications.",Solidity;React;PyTorch;Flutter;Excel;Celery,1,120316
410,Syam Patel,9594899646,syam.patel@gmail.com,"System Administrator with 3 years of experience. Skilled in Kubernetes, Flutter, Docker, Angular, Hadoop, Spark. Experienced in building scalable applications.",Kubernetes;Flutter;Docker;Angular;Hadoop;Spark,3,52368
411,Padmaja Iyer,9120550576,padmaja.iyer@gmail.com,"Data Analyst with 7 years of experience. Skilled in Tableau, Java, Flask, FastAPI, React. Experienced in building scalable applications.",Tableau;Java;Flask;FastAPI;React,7,127575
412,Kavitha Gupta,9967857817,kavitha.gupta@gmail.com,"System Administrator with 8 years of experience. Skilled in Docker, Kubernetes, C++. Experienced in building scalable applications.",Docker;Kubernetes;C++,8,56655
413,Navya Sharma,9610576308,navya.sharma@gmail.com,"Backend Developer with 9 years of experience. Skilled in C++, Spark, Java, PostgreSQL, Flutter. Experienced in building scalable applications.",C++;Spark;Java;PostgreSQL;Flutter,9,120031
414,Rahul Sharma,9669352332,rahul.sharma@gmail.com,"Data Scientist with 9 years of experience. Skilled in PostgreSQL, Angular, Redis, SQL. Experienced in building scalable applications.",PostgreSQL;Angular;Redis;SQL,9,126429
415,Vikram Patel,9234904163,vikram.patel@gmail.com,"Backend Developer with 6 years of experience. Skilled in Spark, Machine Learning, Dart, Hadoop. Experienced in building scalable applications.",Spark;Machine Learning;Dart;Hadoop,6,141083
416,Arun Rao,9699950884,arun.rao@gmail.com,"Product Manager with 1 years of experience. Skilled in Celery, Scala, Docker, Spark, AWS. Experienced in building scalable applications.",Celery;Scala;Docker;Spark;AWS,1,137922
417,Prashanth Kumar,9506147861,prashanth.kumar@gmail.com,"Cloud Engineer with 5 years of experience. Skilled in Celery, NLP, Blockchain, Figma, TensorFlow, UI/UX. Experienced in building scalable applications.",Celery;NLP;Blockchain;Figma;TensorFlow;UI/UX,5,105766
418,Vikram Kumar,9041620132,vikram.kumar@gmail.com,"System Administrator with 8 years of experience. Skilled in Azure, Solidity, Kubernetes, Machine Learning. Experienced in building scalable applications.",Azure;Solidity;Kubernetes;Machine Learning,8,63403
419,Naresh Sharma,9273039931,naresh.sharma@gmail.com,"Machine Learning Engineer with 1 years of experience. Skilled in Node.js, AWS, Spring Boot, PyTorch, Redis. Experienced in building scalable applications.",Node.js;AWS;Spring Boot;PyTorch;Redis,1,82097
420,Karan Gupta,9466141628,karan.gupta@gmail.com,"System Administrator with 9 years of experience. Skilled in Django, FastAPI, Linux. Experienced in building scalable applications.",Django;FastAPI;Linux,9,128657
421,Karan Kumar,9086218811,karan.kumar@gmail.com,"Cloud Engineer with 3 years of experience. Skilled in Celery, Dart, FastAPI, Cybersecurity, Linux, MongoDB. Experienced in building scalable applications.",Celery;Dart;FastAPI;Cybersecurity;Linux;MongoDB,3,60966
422,Aadhya Rao,9640431550,aadhya.rao@gmail.com,"Product Manager with 1 years of experience. Skilled in Scala, Kubernetes, Django, AWS, Cybersecurity. Experienced in building scalable applications.",Scala;Kubernetes;Django;AWS;Cybersecurity,1,149157
423,Divya Sharma,9164203290,divya.sharma@gmail.com,"Full Stack Developer with 3 years of experience. Skilled in Machine Learning, Docker, Spark. Experienced in building scalable applications.",Machine Learning;Docker;Spark,3,143848
424,Syam Patel,9548633774,syam.patel@gmail.com,"Data Analyst with 2 years of experience. Skilled in TensorFlow, Docker, Kubernetes, Tableau. Experienced in building scalable applications.",TensorFlow;Docker;Kubernetes;Tableau,2,102921
425,Sai Sharma,9357228267,sai.sharma@gmail.com,"Frontend Developer with 9 years of experience. Skilled in Solidity, PyTorch, C++, Java, TensorFlow, Hadoop. Experienced in building scalable applications.",Solidity;PyTorch;C++;Java;TensorFlow;Hadoop,9,99726
426,Prashanth Patel,9839962416,prashanth.patel@gmail.com,"Data Analyst with 9 years of experience. Skilled in Blockchain, TensorFlow, Hadoop, Python. Experienced in building scalable applications.",Blockchain;TensorFlow;Hadoop;Python,9,100300
427,Lakshmi Patel,9782695704,lakshmi.patel@gmail.com,"Data Scientist with 9 years of experience. Skilled in AWS, Dart, Linux, NLP, Kubernetes, Azure. Experienced in building scalable applications.",AWS;Dart;Linux;NLP;Kubernetes;Azure,9,72677
428,Kavya Kumar,9294162024,kavya.kumar@gmail.com,"Product Manager with 1 years of experience. Skilled in Tableau, Linux, Java, Python, Hadoop. Experienced in building scalable applications.",Tableau;Linux;Java;Python;Hadoop,1,105609
429,Vihaan Sharma,9098602864,vihaan.sharma@gmail.com,"Data Analyst with 3 years of experience. Skilled in Azure, Redis, Solidity, TensorFlow, Flask, Celery. Experienced in building scalable applications.",Azure;Redis;Solidity;TensorFlow;Flask;Celery,3,146825
430,Pavithra Kumar,9866015517,pavithra.kumar@gmail.com,"Frontend Developer with 8 years of experience. Skilled in React, Django, Celery, Java, MongoDB, Excel. Experienced in building scalable applications.",React;Django;Celery;Java;MongoDB;Excel,8,106661
431,Kavya Gupta,9478124611,kavya.gupta@gmail.com,"DevOps Engineer with 9 years of experience. Skilled in Hadoop, FastAPI, Azure, Dart. Experienced in building scalable applications.",Hadoop;FastAPI;Azure;Dart,9,81024
432,Nisha Patel,9283952803,nisha.patel@gmail.com,"Backend Developer with 4 years of experience. Skilled in Angular, MongoDB, Cybersecurity, FastAPI. Experienced in building scalable applications.",Angular;MongoDB;Cybersecurity;FastAPI,4,120313
433,Arun Reddy,9716921176,arun.reddy@gmail.com,"System Administrator with 10 years of experience. Skilled in Django, Cybersecurity, Flutter, Dart. Experienced in building scalable applications.",Django;Cybersecurity;Flutter;Dart,10,103006
434,Padma Gupta,9316827186,padma.gupta@gmail.com,"Mobile Developer with 2 years of experience. Skilled in SQL, Django, Kubernetes, Figma, Celery, TensorFlow. Experienced in building scalable applications.",SQL;Django;Kubernetes;Figma;Celery;TensorFlow,2,145285
435,Naresh Reddy,9633039564,naresh.reddy@gmail.com,"Product Manager with 1 years of experience. Skilled in Dart, PostgreSQL, Machine Learning, PyTorch, Solidity, Spark. Experienced in building scalable applications.",Dart;PostgreSQL;Machine Learning;PyTorch;Solidity;Spark,1,65338
436,Mahesh Rao,9326202034,mahesh.rao@gmail.com,"Backend Developer with 5 years of experience. Skilled in FastAPI, Flask, Hadoop, SQL. Experienced in building scalable applications.",FastAPI;Flask;Hadoop;SQL,5,118027
437,Rohit Gupta,9162623939,rohit.gupta@gmail.com,"Data Scientist with 1 years of experience. Skilled in C++, React, Java. Experienced in building scalable applications.",C++;React;Java,1,142772
438,Vihaan Kumar,9431795153,vihaan.kumar@gmail.com,"Data Analyst with 5 years of experience. Skilled in Dart, Flask, Blockchain, Django, MongoDB, Scala. Experienced in building scalable applications.",Dart;Flask;Blockchain;Django;MongoDB;Scala,5,130135
439,Ishaan Iyer,9863381255,ishaan.iyer@gmail.com,"Software Engineer with 5 years of experience. Skilled in Machine Learning, Spring Boot, Celery, C++. Experienced in building scalable applications.",Machine Learning;Spring Boot;Celery;C++,5,69508
440,Arun Patel,9915751446,arun.patel@gmail.com,"Backend Developer with 4 years of experience. Skilled in Linux, TensorFlow, Angular, Figma, Kubernetes, Docker. Experienced in building scalable applications.",Linux;TensorFlow;Angular;Figma;Kubernetes;Docker,4,53051
441,Karan Kumar,9565988758,karan.kumar@gmail.com,"Data Scientist with 5 years of experience. Skilled in Kubernetes, Redis, PostgreSQL, FastAPI, Tableau, Flutter. Experienced in building scalable applications.",Kubernetes;Redis;PostgreSQL;FastAPI;Tableau;Flutter,5,98747
442,Aditya Sharma,9838913411,aditya.sharma@gmail.com,"Data Analyst with 10 years of experience. Skilled in Dart, Node.js, Machine Learning, Redis. Experienced in building scalable applications.",Dart;Node.js;Machine Learning;Redis,10,137142
443,Navya Rao,9403988895,navya.rao@gmail.com,"QA Engineer with 7 years of experience. Skilled in Spark, Machine Learning, React, TensorFlow, Blockchain, Linux. Experienced in building scalable applications.",Spark;Machine Learning;React;TensorFlow;Blockchain;Linux,7,137235
444,Karan Iyer,9149846802,karan.iyer@gmail.com,"Data Analyst with 1 years of experience. Skilled in Figma, Machine Learning, Blockchain, Excel, TensorFlow. Experienced in building scalable applications.",Figma;Machine Learning;Blockchain;Excel;TensorFlow,1,104021
445,Naresh Gupta,9816548463,naresh.gupta@gmail.com,"Machine Learning Engineer with 1 years of experience. Skilled in SQL, Node.js, UI/UX, Celery, Solidity. Experienced in building scalable applications.",SQL;Node.js;UI/UX;Celery;Solidity,1,116412
446,Padma Kumar,9008609361,padma.kumar@gmail.com,"System Administrator with 8 years of experience. Skilled in Python, Flutter, Dart, NLP, PyTorch, Node.js. Experienced in building scalable applications.",Python;Flutter;Dart;NLP;PyTorch;Node.js,8,108335
447,Prashanth Rao,9576179233,prashanth.rao@gmail.com,"Frontend Developer with 1 years of experience. Skilled in React, PyTorch, Redis, PostgreSQL. Experienced in building scalable applications.",React;PyTorch;Redis;PostgreSQL,1,106179
448,Diya Reddy,9783756460,diya.reddy@gmail.com,"DevOps Engineer with 1 years of experience. Skilled in Solidity, Linux, Kubernetes, SQL, Celery, Embedded Systems. Experienced in building scalable applications.",Solidity;Linux;Kubernetes;SQL;Celery;Embedded Systems,1,82093
449,Ishaan Kumar,9824437897,ishaan.kumar@gmail.com,"DevOps Engineer with 8 years of experience. Skilled in Redis, Spring Boot, Embedded Systems, UI/UX. Experienced in building scalable applications.",Redis;Spring Boot;Embedded Systems;UI/UX,8,119678
450,Karan Reddy,9448243295,karan.reddy@gmail.com,"System Administrator with 8 years of experience. Skilled in TensorFlow, Excel, AWS, Machine Learning, Node.js, React. Experienced in building scalable applications.",TensorFlow;Excel;AWS;Machine Learning;Node.js;React,8,130738
451,Divya Reddy,9706642014,divya.reddy@gmail.com,"Data Scientist with 7 years of experience. Skilled in Flask, Azure, Java, Dart, NLP, Blockchain. Experienced in building scalable applications.",Flask;Azure;Java;Dart;NLP;Blockchain,7,89734
452,Sneha Iyer,9863357351,sneha.iyer@gmail.com,"Machine Learning Engineer with 8 years of experience. Skilled in Embedded Systems, PostgreSQL, Dart. Experienced in building scalable applications.",Embedded Systems;PostgreSQL;Dart,8,122615
453,Ananya Rao,9026469346,ananya.rao@gmail.com,"Full Stack Developer with 6 years of experience. Skilled in Java, Flutter, Redis, Blockchain, Figma. Experienced in building scalable applications.",Java;Flutter;Redis;Blockchain;Figma,6,123523
454,Rohit Gupta,9326762409,rohit.gupta@gmail.com,"Mobile Developer with 10 years of experience. Skilled in Docker, Celery, Django, AWS, Dart, Azure. Experienced in building scalable applications.",Docker;Celery;Django;AWS;Dart;Azure,10,144476
455,Lakshmi Iyer,9556949278,lakshmi.iyer@gmail.com,"QA Engineer with 6 years of experience. Skilled in Tableau, NLP, Linux, Machine Learning. Experienced in building scalable applications.",Tableau;NLP;Linux;Machine Learning,6,67019
456,Padmaja Rao,9208261572,padmaja.rao@gmail.com,"QA Engineer with 8 years of experience. Skilled in Embedded Systems, MongoDB, Node.js, SQL, PostgreSQL, Cybersecurity. Experienced in building scalable applications.",Embedded Systems;MongoDB;Node.js;SQL;PostgreSQL;Cybersecurity,8,133613
457,Prasad Reddy,9800535855,prasad.reddy@gmail.com,"DevOps Engineer with 10 years of experience. Skilled in Flutter, Angular, NLP, Celery, Machine Learning, Spark. Experienced in building scalable applications.",Flutter;Angular;NLP;Celery;Machine Learning;Spark,10,141794
458,Reyansh Rao,9784667858,reyansh.rao@gmail.com,"Cybersecurity Specialist with 9 years of experience. Skilled in Embedded Systems, Azure, Celery, Kubernetes, Docker, Spark. Experienced in building scalable applications.",Embedded Systems;Azure;Celery;Kubernetes;Docker;Spark,9,136672
459,Padmaja Reddy,9127221255,padmaja.reddy@gmail.com,"Backend Developer with 9 years of experience. Skilled in Tableau, SQL, Hadoop, Spring Boot. Experienced in building scalable applications.",Tableau;SQL;Hadoop;Spring Boot,9,123847
460,Prasad Rao,9700535962,prasad.rao@gmail.com,"DevOps Engineer with 5 years of experience. Skilled in Flask, Machine Learning, MongoDB. Experienced in building scalable applications.",Flask;Machine Learning;MongoDB,5,132750
461,Rohit Gupta,9458853674,rohit.gupta@gmail.com,"Data Analyst with 1 years of experience. Skilled in AWS, FastAPI, Flutter, MongoDB, Tableau, Flask. Experienced in building scalable applications.",AWS;FastAPI;Flutter;MongoDB;Tableau;Flask,1,129634
462,Pooja Reddy,9518712603,pooja.reddy@gmail.com,"Full Stack Developer with 1 years of experience. Skilled in Figma, Java, Azure, Hadoop, Tableau. Experienced in building scalable applications.",Figma;Java;Azure;Hadoop;Tableau,1,78251
463,Reyansh Iyer,9255109773,reyansh.iyer@gmail.com,"Frontend Developer with 5 years of experience. Skilled in Cybersecurity, TensorFlow, Angular, MongoDB, Solidity. Experienced in building scalable applications.",Cybersecurity;TensorFlow;Angular;MongoDB;Solidity,5,75945
464,Karan Rao,9525320813,karan.rao@gmail.com,"System Administrator with 9 years of experience. Skilled in PostgreSQL, Embedded Systems, Flutter. Experienced in building scalable applications.",PostgreSQL;Embedded Systems;Flutter,9,140852
465,Rahul Patel,9871760703,rahul.patel@gmail.com,"Data Analyst with 7 years of experience. Skilled in NLP, Spring Boot, PyTorch, Python. Experienced in building scalable applications.",NLP;Spring Boot;PyTorch;Python,7,82217
466,Vivaan Rao,9593365560,vivaan.rao@gmail.com,"Backend Developer with 2 years of experience. Skilled in Tableau, Embedded Systems, Blockchain, React. Experienced in building scalable applications.",Tableau;Embedded Systems;Blockchain;React,2,58308
467,Ananya Rao,9217507354,ananya.rao@gmail.com,"Frontend Developer with 7 years of experience. Skilled in FastAPI, Dart, Scala. Experienced in building scalable applications.",FastAPI;Dart;Scala,7,55949
468,Nisha Sharma,9039652311,nisha.sharma@gmail.com,"System Administrator with 5 years of experience. Skilled in Django, SQL, FastAPI, Excel, Cybersecurity, NLP. Experienced in building scalable applications.",Django;SQL;FastAPI;Excel;Cybersecurity;NLP,5,101990
469,Krishna Sharma,9023021180,krishna.sharma@gmail.com,"Full Stack Developer with 7 years of experience. Skilled in Dart, Spring Boot, PostgreSQL, Scala, Cybersecurity. Experienced in building scalable applications.",Dart;Spring Boot;PostgreSQL;Scala;Cybersecurity,7,51150
470,Vihaan Patel,9196969798,vihaan.patel@gmail.com,"Full Stack Developer with 8 years of experience. Skilled in Python, Machine Learning, Solidity, Embedded Systems, PyTorch, AWS. Experienced in building scalable applications.",Python;Machine Learning;Solidity;Embedded Systems;PyTorch;AWS,8,139480
471,Ananya Reddy,9675726470,ananya.reddy@gmail.com,"Software Engineer with 10 years of experience. Skilled in C++, Machine Learning, Scala, FastAPI, React, Celery. Experienced in building scalable applications.",C++;Machine Learning;Scala;FastAPI;React;Celery,10,124740
472,Sneha Patel,9271353963,sneha.patel@gmail.com,"Data Analyst with 8 years of experience. Skilled in Java, Solidity, Flutter. Experienced in building scalable applications.",Java;Solidity;Flutter,8,116617
473,Riya Sharma,9066759824,riya.sharma@gmail.com,"System Administrator with 4 years of experience. Skilled in Python, Blockchain, Dart, Flask, React. Experienced in building scalable applications.",Python;Blockchain;Dart;Flask;React,4,144841
474,Ira Kumar,9170433279,ira.kumar@gmail.com,"Data Analyst with 4 years of experience. Skilled in React, AWS, Django, Blockchain, Dart, Flutter. Experienced in building scalable applications.",React;AWS;Django;Blockchain;Dart;Flutter,4,66896
475,Prasad Rao,9798134460,prasad.rao@gmail.com,"Data Scientist with 5 years of experience. Skilled in Hadoop, Docker, Cybersecurity, Celery. Experienced in building scalable applications.",Hadoop;Docker;Cybersecurity;Celery,5,96175
476,Navya Iyer,9376669770,navya.iyer@gmail.com,"Data Analyst with 9 years of experience. Skilled in Linux, Python, MongoDB, Kubernetes, Cybersecurity, Flask. Experienced in building scalable applications.",Linux;Python;MongoDB;Kubernetes;Cybersecurity;Flask,9,57805
477,Mahesh Rao,9794594259,mahesh.rao@gmail.com,"Machine Learning Engineer with 2 years of experience. Skilled in Cybersecurity, Docker, Spark, React, Celery, Hadoop. Experienced in building scalable applications.",Cybersecurity;Docker;Spark;React;Celery;Hadoop,2,55237
478,Riya Gupta,9265245055,riya.gupta@gmail.com,"Frontend Developer with 3 years of experience. Skilled in Angular, Hadoop, Excel, React, C++, TensorFlow. Experienced in building scalable applications.",Angular;Hadoop;Excel;React;C++;TensorFlow,3,70056
479,Rahul Reddy,9006212529,rahul.reddy@gmail.com,"QA Engineer with 7 years of experience. Skilled in Excel, Node.js, Blockchain, Linux. Experienced in building scalable applications.",Excel;Node.js;Blockchain;Linux,7,95543
480,Kavya Rao,9904816405,kavya.rao@gmail.com,"QA Engineer with 9 years of experience. Skilled in MongoDB, Dart, Figma, Java, Tableau. Experienced in building scalable applications.",MongoDB;Dart;Figma;Java;Tableau,9,106556
481,Aadhya Reddy,9943815931,aadhya.reddy@gmail.com,"Data Analyst with 4 years of experience. Skilled in AWS, Hadoop, Node.js, FastAPI. Experienced in building scalable applications.",AWS;Hadoop;Node.js;FastAPI,4,53343
482,Riya Sharma,9039842718,riya.sharma@gmail.com,"Mobile Developer with 10 years of experience. Skilled in Tableau, Solidity, Flutter, C++, Celery, Embedded Systems. Experienced in building scalable applications.",Tableau;Solidity;Flutter;C++;Celery;Embedded Systems,10,63500
483,Aarav Kumar,9719466975,aarav.kumar@gmail.com,"Cybersecurity Specialist with 3 years of experience. Skilled in Azure, AWS, Hadoop, Figma, Spark. Experienced in building scalable applications.",Azure;AWS;Hadoop;Figma;Spark,3,103222
484,Syam Patel,9354050814,syam.patel@gmail.com,"QA Engineer with 10 years of experience. Skilled in UI/UX, FastAPI, AWS, Tableau. Experienced in building scalable applications.",UI/UX;FastAPI;AWS;Tableau,10,79375
485,Padmaja Gupta,9127756447,padmaja.gupta@gmail.com,"Software Engineer with 8 years of experience. Skilled in Blockchain, TensorFlow, FastAPI, Spring Boot, PostgreSQL, Django. Experienced in building scalable applications.",Blockchain;TensorFlow;FastAPI;Spring Boot;PostgreSQL;Django,8,59662
486,Anika Rao,9420839108,anika.rao@gmail.com,"Mobile Developer with 2 years of experience. Skilled in Cybersecurity, Spark, C++. Experienced in building scalable applications.",Cybersecurity;Spark;C++,2,66964
487,Kavitha Kumar,9695595284,kavitha.kumar@gmail.com,"Full Stack Developer with 4 years of experience. Skilled in Tableau, UI/UX, Hadoop. Experienced in building scalable applications.",Tableau;UI/UX;Hadoop,4,109638
488,Mahesh Kumar,9803574017,mahesh.kumar@gmail.com,"Frontend Developer with 10 years of experience. Skilled in Spring Boot, Cybersecurity, Flask, Dart. Experienced in building scalable applications.",Spring Boot;Cybersecurity;Flask;Dart,10,123666
489,Krishna Reddy,9743855298,krishna.reddy@gmail.com,"Software Engineer with 1 years of experience. Skilled in Spring Boot, Flutter, Docker. Experienced in building scalable applications.",Spring Boot;Flutter;Docker,1,135067
490,Divya Patel,9201921071,divya.patel@gmail.com,"Backend Developer with 8 years of experience. Skilled in TensorFlow, Cybersecurity, NLP, Python, Django. Experienced in building scalable applications.",TensorFlow;Cybersecurity;NLP;Python;Django,8,117215
491,Kavitha Gupta,9500711108,kavitha.gupta@gmail.com,"Frontend Developer with 3 years of experience. Skilled in Azure, NLP, PyTorch, FastAPI, Java. Experienced in building scalable applications.",Azure;NLP;PyTorch;FastAPI;Java,3,119042
492,Ishaan Iyer,9028660885,ishaan.iyer@gmail.com,"Frontend Developer with 6 years of experience. Skilled in Python, Node.js, FastAPI, Azure. Experienced in building scalable applications.",Python;Node.js;FastAPI;Azure,6,63284
493,Aarav Sharma,9548649402,aarav.sharma@gmail.com,"Machine Learning Engineer with 8 years of experience. Skilled in Angular, TensorFlow, PostgreSQL. Experienced in building scalable applications.",Angular;TensorFlow;PostgreSQL,8,122789
494,Krishna Gupta,9301792657,krishna.gupta@gmail.com,"Data Analyst with 10 years of experience. Skilled in Spark, Hadoop, UI/UX, Figma, AWS, Flask. Experienced in building scalable applications.",Spark;Hadoop;UI/UX;Figma;AWS;Flask,10,134664
495,Aarav Patel,9886307553,aarav.patel@gmail.com,"Data Scientist with 6 years of experience. Skilled in SQL, AWS, Tableau, Docker, Flask. Experienced in building scalable applications.",SQL;AWS;Tableau;Docker;Flask,6,143468
496,Sneha Iyer,9952405551,sneha.iyer@gmail.com,"Software Engineer with 7 years of experience. Skilled in Blockchain, Hadoop, Python, Azure, Flask. Experienced in building scalable applications.",Blockchain;Hadoop;Python;Azure;Flask,7,111389
497,Naresh Gupta,9251655724,naresh.gupta@gmail.com,"Data Scientist with 9 years of experience. Skilled in Hadoop, Flutter, Node.js, C++. Experienced in building scalable applications.",Hadoop;Flutter;Node.js;C++,9,59435
498,Aadhya Kumar,9883564935,aadhya.kumar@gmail.com,"System Administrator with 9 years of experience. Skilled in AWS, SQL, Blockchain. Experienced in building scalable applications.",AWS;SQL;Blockchain,9,104340
499,Divya Kumar,9385913630,divya.kumar@gmail.com,"Full Stack Developer with 5 years of experience. Skilled in Excel, Spark, Embedded Systems, Cybersecurity, PostgreSQL, Node.js. Experienced in building scalable applications.",Excel;Spark;Embedded Systems;Cybersecurity;PostgreSQL;Node.js,5,94078
500,Lakshmi Kumar,9105441735,lakshmi.kumar@gmail.com,"Backend Developer with 1 years of experience. Skilled in Node.js, Excel, Kubernetes, Hadoop, Java. Experienced in building scalable applications.",Node.js;Excel;Kubernetes;Hadoop;Java,1,128832
501,Movva Navya Sri Lakshmi,6304261675,navyakumar.2259@gmail.com,"Movva Navya Sri Lakshmi
Software Development Engineer 2
 +91 6304261675
# navyakumar.2259@gmail.com
ï linkedin.com/in/movva-navya-sri-lakshmi
Summary
Software Development Engineer with 3.8+ years of experience building scalable distributed backend systems for
transaction-heavy platforms. Strong in data structures, algorithms, OOP, and concurrent programming. Expe-
rienced in designing high-throughput Java (Spring Boot) microservices using Kafka, Redis caching, MongoDB,
and CI/CD workflows with end-to-end SDLC ownership.
Technical Skills
Languages: Java (Spring Boot), C++, Python, JavaScript, SQL
Databases: MySQL, MongoDB (Sharding, Replication), Redis
Technologies: Apache Kafka, Microservices, REST APIs, Event-Driven Systems
Concepts: Data Structures & Algorithms, OOP, Concurrency
Tools: Git, Jenkins, JUnit
Work Experience
Assistant Manager 1 (SDE 2)
Oct 2024 – Present
Magicbricks Realty Services Ltd, India
Homeloans CRM
• Led high-level and low-level design of scalable Java (Spring Boot) microservices handling 20K+ monthly
transactions.
• Implemented Encashment, Invoicing, and Collection workflows, reducing lead cycle time by 35% and manual
follow-ups by 50%.
• Built Kafka-driven event pipelines with concurrent processing, improving response time by 30%.
• Integrated secure third-party REST APIs (Experian, Banking partners) with OTP validation, increasing
qualified leads by 25%.
• Conducted code reviews, mentored junior engineers, and enforced SOLID principles to maintain modular
and extensible architecture.
HomeLoan Platform
• Integrated third-party banking APIs, increasing direct home loan leads by 40%.
• Optimized services using Redis caching and indexing, improving latency by 30% in Agile CI/CD environment.
Assistant Manager 2 (SDE 1)
July 2022 – Sep 2024
Magicbricks Realty Services Ltd, India
HomeLoan App
• Owned end-to-end SDLC including design, development, testing, deployment, and production support of
RESTful microservices.
• Improved throughput by 40% and reduced latency by 60% through optimized data structures and asyn-
chronous processing.
• Implemented Redis caching and MongoDB sharding to scale increasing transaction volumes.
BRE & Site Visit
• Optimized backend data flow using efficient data structures, increasing processing efficiency by 20%.
Education
B.Tech in Computer Science and Engineering
2018 – 2022
NIT Nagpur, India
Achievements
• Earned ‘Exceeds Expectations’ ratings for two consecutive quarters.
• Received ‘You Did It’ Award for delivering high-impact, scalable HomeLoan platform enhancements.",javascript;sql;java;c++;python,8,0
502,MOVVA NAVYA SRI LAKSHMI,6304261675,navyakumar.2259@gmail.com,"MOVVA NAVYA SRI LAKSHMI
navyakumar.2259@gmail.com — LinkedIn Profile — +91 6304261675
SUMMARY
Software Engineer with 2 years of expertise in Java, Spring Boot, REST API development, JavaScript, React JS and MySQL.
Experienced in all stages of the development cycle for dynamic projects. Proficient in Object-Oriented Programming, Data
Structures, and Algorithms. Quick to adapt to new technology and duties. Reliable and organized team player with excellent
communication skills. Seeking opportunities to leverage my skills in a challenging environment.
WORK EXPERIENCE
Software Engineer, Magicbricks Realty Services Ltd
July 2022 - Present
• Homeloans CRM
– Integrated third-party Bank API, resulting in a 40% increase in direct home loan leads to banks.
– Developed the ‘Bank Partnership’ module to streamline adding and updating partnerships between banks
and Magicbricks, improving operational efficiency.
– Enhanced the platform with new lead stages like Encashment, Invoicing, and Collection improving faster
Activity processes.
– Collaborated with the Experian team to develop registration and OTP verification pages, enhancing the
user experience for displaying credit reports and increasing leads by 25%.
– Implemented a communication strategy with promotional, transactional, and event emails and WhatsApp
messages using Kafka to engage users and improve loyalty.
• HomeLoan App
– Collaborated with Android and iOS teams to develop the HomeLoan App and customer dashboard, simpli-
fying the application process.
– Built APIs for FOS registration, dashboard, lead tracking, and push to bank, streamlining data exchange
and workflow.
• BRE for Developers
– Developed the user registration module using React JS, improving user onboarding.
– Created the lead registration module, bank recommendation page, and REST APIs using Spring Boot,
enhancing lead quality and conversion rates.
SKILLS
Programming Languages
Java, JavaScript
Frameworks and Tools
Spring Boot, Spring MVC, Hibernate, React JS, MySQL, Kafka
Languages
English, Hindi, Telugu
EDUCATION
National Institute Of Technology, Nagpur
2018-22
Bachelor of Technology in Computer Science and Engineering, CGPA: 7.45/10
Chaitanya Junior College, Vijayawada, AP
2016-18
Higher Secondary Education, Percentage: 94.6%
Saint Ann’s School, Vijayawada, AP
Till 2016
10th Standard, CGPA: 9.8/10
ACHIEVEMENTS
• Consistently received ’Demonstrates Excellence’ or ’Exceeds Expectations’ performance ratings at Magicbricks.",java;sql;react;javascript,2,0
503,Movva Navya Sri Lakshmi,6304261675,navyakumar.2259@gmail.com,"Movva Navya Sri Lakshmi
Software Development Engineer 2
 +91 6304261675
# navyakumar.2259@gmail.com
ï linkedin.com/in/movva-navya-sri-lakshmi
Summary
Software Development Engineer with 3.8+ years of experience building scalable distributed backend systems for
transaction-heavy platforms. Strong in data structures, algorithms, OOP, and concurrent programming. Expe
rienced in designing high-throughput Java (Spring Boot) microservices using Kafka, Redis caching, MongoDB,
and CI/CD workflows with end-to-end SDLC ownership
Technical Skills
Languages: Java (Spring Boot), C++, Python, JavaScript, SQL
Databases: MySQL, MongoDB (Sharding, Replication), Redis
Technologies: Apache Kafka, Microservices, REST APIs, Event-Driven Systems
Concepts: Data Structures & Algorithms, OOP, Concurrency
Tools: Git, Maven, Gradle, Jenkins (CI/CD), JUnit
Work Experience
Assistant Manager 1 (SDE 2)
Oct 2024 – Present
Magicbricks Realty Services Ltd, India
Homeloans CRM
• Led high-level and low-level design of scalable Java (Spring Boot) microservices handling 20K+ monthly
transactions.
• Implemented Encashment, Invoicing, and Collection workflows, reducing lead cycle time by 35% and manual
follow-ups by 50%.
• Built Kafka-driven event pipelines with concurrent processing, improving response time by 30%.
• Integrated secure third-party REST APIs (Experian, Banking partners) with OTP validation, increasing
qualified leads by 25%.
• Conducted code reviews, mentored junior engineers, and enforced SOLID principles to maintain modular
and extensible architecture.
HomeLoan Platform
• Integrated third-party banking APIs, increasing direct home loan leads by 40%.
• Optimized services using Redis caching and indexing, improving latency by 30% in Agile CI/CD environment.
Assistant Manager 2 (SDE 1)
July 2022 – Sep 2024
Magicbricks Realty Services Ltd, India
HomeLoan App
• Owned end-to-end SDLC including design, development, testing, deployment, and production support of
RESTful microservices.
• Improved throughput by 40% and reduced latency by 60% through optimized data structures and asyn-
chronous processing.
• Implemented Redis caching and MongoDB sharding to scale increasing transaction volumes.
Home Interiors & BRE & Site Visit
• Optimized backend data flow using efficient data structures, increasing processing efficiency by 20%.
Education
B.Tech in Computer Science and Engineering
2018 – 2022
NIT Nagpur, India
Achievements
• Earned ‘Exceeds Expectations’ ratings for two consecutive quarters.
• Received ‘You Did It’ Award for delivering high-impact, scalable HomeLoan platform enhancements.",python;c++;java;sql;javascript,8,0
504,MOVVA NAVYA SRI LAKSHMI,6304261675,navyakumar.2259@gmail.com,"MOVVA NAVYA SRI LAKSHMI
Software Developer 2
[ navyakumar.2259@gmail.com
Ó +91 6304261675
¯ https://www.linkedin.com/in/movva-navya-sri-lakshmi/
TECHNICAL SKILLS
Programming Languages
Java
JavaScript
SQL
Frameworks & Libraries
Spring Boot
Spring Batch
Hibernate
React.js
Databases & Messaging
MySQL
Cassandra
Redis
Kafka
Cloud & DevOps
AWS (EC2, S3)
Docker
Jenkins (CI/CD)
Software Engineering Practices
Microservices
OOP
System Design
Design Patterns
REST APIs
Agile
Tools
Git
Postman
Jira
JUnit
Software Development Practices
Microservices (Scaled applications)
Agile (Delivered sprints on time)
EDUCATION
B.Tech in CSE
NIT Nagpur
 2018 – 2022
½ Nagpur, India
Higher Secondary Education
Chaitanya Junior College
 2016 – 2018
½ Vijayawada, India
10th Standard
Saint Ann’s School
 Till 2016
½ Vijayawada, India
ACHIEVEMENTS
• Consistently earned ’Demonstrates Excel-
lence’ or ’Exceeds Expectations’ performance
ratings at Magicbricks for two consecutive
quarters.
• Secured ’You Did It’ Award for exceptional
HomeLoan task performance (OND quarter).
SUMMARY
A diligent and dedicated software engineer with a passion for
learning and delivering impactful results. Proficient in software
development with a strong foundation in data structures, algo-
rithms, and software design. Experienced in full-stack devel-
opment and adept at collaborating with cross-functional teams,
analyzing requirements, and multitasking in high-pressure envi-
ronments.
WORK EXPERIENCE
Assistant Manager 1 (SDE 2)
Magicbricks Realty Services Ltd
 Oct 2024 – Present
½ India
• Homeloans CRM
• Implemented Encashment, Invoicing, and Collection work-
flows, shortening lead cycle time by 35% and reducing
manual follow-ups by 50%.
• Partnered with Experian to develop registration and OTP
pages, driving a 25% increase in leads.
• Integrated third-party banking APIs (SBI, HDFC, Kotak,
L&T Finance) for real-time loan eligibility checks, offer
retrieval, and application processing, boosting direct home
loan lead conversion by 40%.
• Site Visit
• Optimized SV applications by identifying unproductive
users, refining data structures, streamlining workflows for
priority users, and integrating with MIDAS, boosting data
flow efficiency by 20%.
• HomeLoan
• Directed Kafka-driven email and WhatsApp campaigns,
targeting 20K+ users monthly and lifting click-through
rates by 22%.
• Engineered ’Bank Partnership’ module, reducing partner-
ship update time by 50%.
Assistant Manager 2 (SDE 1)
Magicbricks Realty Services Ltd
 July 2022 – Sep 2024
½ India
• HomeLoan App
• Led cross-functional collaboration to launch HomeLoan
app and dashboard, reducing turnaround time by 30%.
• Developed eight RESTful APIs using Spring Boot, enhanc-
ing data throughput by 40% and cutting latency by 60%.
• BRE for Developers
• Built React/Spring Boot modules for onboarding and lead
management, improving lead conversion by 25% and slash-
ing registration time from 2 minutes to 45 seconds.
• Home Interiors
• Built and enhanced React and Spring Boot modules for
partner onboarding, partner management, and lead manage-
ment, resulting in a 20% improvement in lead conversion
efficiency.",aws;react;java;docker;javascript;sql,0,0
505,Movva Navya Sri Lakshmi,6304261675,navyakumar.2259@gmail.com,"Movva Navya Sri Lakshmi
Backend Software Engineer
 +91 6304261675
# navyakumar.2259@gmail.com
ï linkedin.com/in/movva-navya-sri-lakshmi
Summary
Backend Software Engineer with 3.8+ years of experience building scalable distributed systems for transaction-heavy
platforms. Experienced in designing event-driven microservices using Java, Spring Boot, Kafka, Redis, and MongoDB.
Strong in data structures, concurrency, and system design with a focus on performance optimization, reliability, and
maintainable service architecture.
Technical Skills
Languages: Java, C++, Python, JavaScript, SQL
Frameworks: Spring Boot, RESTful APIs
Databases: MySQL, MongoDB (Sharding, Replication), Redis
Distributed Systems: Apache Kafka, Event-Driven Architecture, Microservices
Concepts: Data Structures & Algorithms, OOP, Concurrency, System Design
Tools: Git, Maven, Gradle, Jenkins (CI/CD), JUnit
Work Experience
Assistant Manager 1 (SDE 2)
Oct 2024 – Present
Magicbricks Realty Services Ltd, India
Homeloans CRM
• Led design of scalable Spring Boot microservices supporting 20K+ monthly loan transactions.
• Built asynchronous Kafka event pipelines to decouple services and improve response time by 30%.
• Implemented Encashment, Invoicing, and Collection workflows reducing lead cycle time by 35%.
• Integrated secure third-party APIs (Experian, banking partners) with OTP validation increasing qualified leads by
25%.
• Conducted code reviews, mentored engineers, and enforced SOLID design principles.
HomeLoan Platform
• Integrated multiple third-party banking APIs to enable real-time loan eligibility checks, increasing direct home loan
leads by 40%.
• Improved service performance using Redis caching and database indexing, reducing API latency by 30% in a CI/CD-
driven Agile environment.
Assistant Manager 2 (SDE 1)
July 2022 – Sep 2024
Magicbricks Realty Services Ltd, India
HomeLoan App
• Owned end-to-end lifecycle of backend services including design, development, testing, deployment, and production
support of REST-based microservices.
• Improved system throughput by 40% and reduced latency by 60% through asynchronous processing and optimized
data structures.
• Implemented Redis caching and MongoDB sharding strategies to scale backend services with increasing transaction
volumes.
Home Interiors & BRE & Site Visit
• Optimized backend data processing workflows using efficient data structures, improving service processing efficiency
by 20%.
Education
B.Tech in Computer Science and Engineering
2018 – 2022
NIT Nagpur, India
Achievements
• Earned Exceeds Expectations ratings for two consecutive quarters based on engineering performance and delivery
impact.
• Received the You Did It Award for delivering high-impact enhancements to the HomeLoan platform.",sql;java;javascript;python;c++,8,0
